-- MySQL dump 10.16  Distrib 10.3.10-MariaDB, for osx10.11 (x86_64)
--
-- Host: localhost    Database: osdb
-- ------------------------------------------------------
-- Server version	10.3.10-MariaDB

/*!40101 SET @OLD_CHARACTER_SET_CLIENT=@@CHARACTER_SET_CLIENT */;
/*!40101 SET @OLD_CHARACTER_SET_RESULTS=@@CHARACTER_SET_RESULTS */;
/*!40101 SET @OLD_COLLATION_CONNECTION=@@COLLATION_CONNECTION */;
/*!40101 SET NAMES utf8 */;
/*!40103 SET @OLD_TIME_ZONE=@@TIME_ZONE */;
/*!40103 SET TIME_ZONE='+00:00' */;
/*!40014 SET @OLD_UNIQUE_CHECKS=@@UNIQUE_CHECKS, UNIQUE_CHECKS=0 */;
/*!40014 SET @OLD_FOREIGN_KEY_CHECKS=@@FOREIGN_KEY_CHECKS, FOREIGN_KEY_CHECKS=0 */;
/*!40101 SET @OLD_SQL_MODE=@@SQL_MODE, SQL_MODE='NO_AUTO_VALUE_ON_ZERO' */;
/*!40111 SET @OLD_SQL_NOTES=@@SQL_NOTES, SQL_NOTES=0 */;

--
-- Table structure for table `category`
--

DROP TABLE IF EXISTS `category`;
/*!40101 SET @saved_cs_client     = @@character_set_client */;
/*!40101 SET character_set_client = utf8 */;
CREATE TABLE `category` (
  `id` int(10) unsigned NOT NULL AUTO_INCREMENT COMMENT '菜品分类id',
  `shop_id` int(11) DEFAULT NULL COMMENT '店铺id',
  `name` varchar(50) DEFAULT NULL COMMENT '分类名称',
  `status` tinyint(4) NOT NULL DEFAULT 1 COMMENT '状态：1正常 9删除',
  `create_at` datetime DEFAULT NULL COMMENT '添加时间',
  `update_at` datetime DEFAULT NULL COMMENT '修改时间',
  PRIMARY KEY (`id`)
) ENGINE=InnoDB AUTO_INCREMENT=9 DEFAULT CHARSET=utf8;
/*!40101 SET character_set_client = @saved_cs_client */;

--
-- Dumping data for table `category`
--

LOCK TABLES `category` WRITE;
/*!40000 ALTER TABLE `category` DISABLE KEYS */;
INSERT INTO `category` VALUES (1,1,'双拼套餐',1,'2018-08-28 10:20:30','2018-08-28 10:20:30'),(2,1,'盖饭',1,'2018-08-28 11:30:30','2018-09-10 07:54:54'),(3,1,'小菜',1,'2018-08-28 12:40:30','2018-08-28 10:20:30'),(4,1,'汤/饮料',1,'2018-08-29 10:20:30','2018-08-28 13:28:30'),(5,2,'双拼套餐',1,'2018-08-30 12:20:30','2018-10-12 16:17:33'),(6,2,'盖饭',1,'2018-08-29 14:50:30','2018-08-28 16:12:30'),(7,2,'小菜',1,'2018-08-29 18:20:30','2018-08-28 10:20:30'),(8,2,'汤/饮料',1,'2018-08-30 10:50:30','2018-09-10 07:55:32');
/*!40000 ALTER TABLE `category` ENABLE KEYS */;
UNLOCK TABLES;

--
-- Table structure for table `django_migrations`
--

DROP TABLE IF EXISTS `django_migrations`;
/*!40101 SET @saved_cs_client     = @@character_set_client */;
/*!40101 SET character_set_client = utf8 */;
CREATE TABLE `django_migrations` (
  `id` int(11) NOT NULL AUTO_INCREMENT,
  `app` varchar(255) NOT NULL,
  `name` varchar(255) NOT NULL,
  `applied` datetime(6) NOT NULL,
  PRIMARY KEY (`id`)
) ENGINE=InnoDB DEFAULT CHARSET=utf8;
/*!40101 SET character_set_client = @saved_cs_client */;

--
-- Dumping data for table `django_migrations`
--

LOCK TABLES `django_migrations` WRITE;
/*!40000 ALTER TABLE `django_migrations` DISABLE KEYS */;
/*!40000 ALTER TABLE `django_migrations` ENABLE KEYS */;
UNLOCK TABLES;

--
-- Table structure for table `django_session`
--

DROP TABLE IF EXISTS `django_session`;
/*!40101 SET @saved_cs_client     = @@character_set_client */;
/*!40101 SET character_set_client = utf8 */;
CREATE TABLE `django_session` (
  `session_key` varchar(40) NOT NULL,
  `session_data` longtext NOT NULL,
  `expire_date` datetime(6) NOT NULL,
  PRIMARY KEY (`session_key`),
  KEY `django_session_expire_date_a5c62663` (`expire_date`)
) ENGINE=InnoDB DEFAULT CHARSET=utf8;
/*!40101 SET character_set_client = @saved_cs_client */;

--
-- Dumping data for table `django_session`
--

LOCK TABLES `django_session` WRITE;
/*!40000 ALTER TABLE `django_session` DISABLE KEYS */;
INSERT INTO `django_session` VALUES ('0r4u0jdmeqg8yazhz8m8t9xxzox0z9ko','YTAxZjJmOWFjMTllYjFkMTAyNmIwNGJlOTZjNjhhMWU3OTFiYTFjYzp7InZlcmlmeWNvZGUiOiIzNjkwIiwid2VidXNlciI6eyJpZCI6MSwidXNlcm5hbWUiOiJ6aGFuZ3NhbiIsIm5pY2tuYW1lIjoiXHU1ZjIwXHU0ZTA5IiwicGFzc3dvcmRfaGFzaCI6IjFlMTkxZDg1MWIzYjQ5YTI0OGY0ZWE2MmY2YjA2NDEwIiwicGFzc3dvcmRfc2FsdCI6IjEyMzQ1NiIsInN0YXR1cyI6MSwiY3JlYXRlX2F0IjoiMjAxOC0wOC0wOCAxODoxODoxOCIsInVwZGF0ZV9hdCI6IjIwMTgtMDktMDcgMDg6MDY6NTUifSwic2hvcGluZm8iOnsiaWQiOjEsIm5hbWUiOiJcdTc1MzBcdTgwMDFcdTVlMDhcdTdlYTJcdTcwZTdcdTgwODkiLCJzaG9wIjoiXHU2NzFkXHU5NjMzXHU1YzA2XHU1M2YwXHU4ZGVmXHU1ZTk3IiwiY292ZXJfcGljIjoiMTIzNDEyMzQuanBnIiwiYmFubmVyX3BpYyI6ImxnLmpwZyIsImFkZHJlc3MiOiJcdTUzMTdcdTRlYWNcdTVlMDJcdTY3MWRcdTk2MzNcdTUzM2FcdTVjMDZcdTUzZjBcdTRlNjFcdTRlMWNcdTUxNmJcdTk1ZjRcdTYyM2ZcdTY3NTFcdTg5N2ZcdTRlMzQ4XHU1M2Y3IiwicGhvbmUiOiIxMjM0NTY3ODkwNSIsInN0YXR1cyI6MSwiY3JlYXRlX2F0IjoiMjAxOC0wOC0yMCAxMDoxMjozNCIsInVwZGF0ZV9hdCI6IjIwMTgtMDktMDIgMTI6MzQ6NTYifSwiY2F0ZWdvcnlpZHMiOlsxLDIsMyw0XSwiY2F0ZWdvcnlsaXN0Ijp7IjEiOnsiaWQiOjEsIm5hbWUiOiJcdTUzY2NcdTYyZmNcdTU5NTdcdTk5MTAiLCJwaWRzIjpbeyJpZCI6MSwic2hvcF9pZCI6MSwiY2F0ZWdvcnlfaWQiOjEsImNvdmVyX3BpYyI6IjE1MzY2NTc2MjAuNTQ4NTcwNC53ZWJwIiwibmFtZSI6Ilx1N2VhMlx1NzBlN1x1ODA4OStcdTcyZWVcdTViNTBcdTU5MzQrXHU5OTZlXHU2NTk5IiwicHJpY2UiOjI1LjAsInN0YXR1cyI6MSwiY3JlYXRlX2F0IjoiMjAxOC0wOS0xMSAwOToyMDoyMCIsInVwZGF0ZV9hdCI6IjIwMTgtMDktMTEgMDk6MzA6MjUifSx7ImlkIjoyLCJzaG9wX2lkIjoxLCJjYXRlZ29yeV9pZCI6MSwiY292ZXJfcGljIjoiMTUzNjY1ODM1Mi45MzQxNTU3LndlYnAiLCJuYW1lIjoiXHU3ZWEyXHU3MGU3XHU4MDg5K1x1NzU2YVx1ODMwNFx1OWUyMVx1ODZjYiIsInByaWNlIjoyMi4wLCJzdGF0dXMiOjEsImNyZWF0ZV9hdCI6IjIwMTgtMDktMTEgMDk6MzI6MzIiLCJ1cGRhdGVfYXQiOiIyMDE4LTA5LTExIDA5OjMyOjMyIn0seyJpZCI6Mywic2hvcF9pZCI6MSwiY2F0ZWdvcnlfaWQiOjEsImNvdmVyX3BpYyI6IjE1MzY2NTg0MTUuNjgzODAwMi53ZWJwIiwibmFtZSI6Ilx1Njg4NVx1ODNkY1x1NjI2M1x1ODA4OStcdTc1NmFcdTgzMDRcdTllMjFcdTg2Y2IiLCJwcmljZSI6MjIuMCwic3RhdHVzIjoxLCJjcmVhdGVfYXQiOiIyMDE4LTA5LTExIDA5OjMzOjM1IiwidXBkYXRlX2F0IjoiMjAxOC0wOS0xMSAwOTozMzozNSJ9LHsiaWQiOjQsInNob3BfaWQiOjEsImNhdGVnb3J5X2lkIjoxLCJjb3Zlcl9waWMiOiIxNTM2NjU4NTc0LjI4NDczNzMud2VicCIsIm5hbWUiOiJcdTgwYTVcdTcyNWIrXHU3NTZhXHU4MzA0XHU5ZTIxXHU4NmNiIiwicHJpY2UiOjIyLjAsInN0YXR1cyI6MSwiY3JlYXRlX2F0IjoiMjAxOC0wOS0xMSAwOTozNjoxNCIsInVwZGF0ZV9hdCI6IjIwMTgtMDktMTEgMDk6MzY6MTQifV19LCIyIjp7ImlkIjoyLCJuYW1lIjoiXHU3NmQ2XHU5OTZkIiwicGlkcyI6W3siaWQiOjUsInNob3BfaWQiOjEsImNhdGVnb3J5X2lkIjoyLCJjb3Zlcl9waWMiOiIxNTM2NjU4NjU5LjA0NDY5OTIud2VicCIsIm5hbWUiOiJcdTY4ODVcdTgzZGNcdTYyNjNcdTgwODlcdTk5NmQiLCJwcmljZSI6MTkuMCwic3RhdHVzIjoxLCJjcmVhdGVfYXQiOiIyMDE4LTA5LTExIDA5OjM3OjM5IiwidXBkYXRlX2F0IjoiMjAxOC0wOS0xMSAwOTozNzozOSJ9LHsiaWQiOjYsInNob3BfaWQiOjEsImNhdGVnb3J5X2lkIjoyLCJjb3Zlcl9waWMiOiIxNTM2NjU4ODI0LjM5NzY1MDUud2VicCIsIm5hbWUiOiJcdTY3MjhcdTk4N2JcdTgwODlcdTk5NmQiLCJwcmljZSI6MTYuMCwic3RhdHVzIjoxLCJjcmVhdGVfYXQiOiIyMDE4LTA5LTExIDA5OjQwOjI0IiwidXBkYXRlX2F0IjoiMjAxOC0wOS0xMSAwOTo0MDoyNCJ9LHsiaWQiOjcsInNob3BfaWQiOjEsImNhdGVnb3J5X2lkIjoyLCJjb3Zlcl9waWMiOiIxNTM2NjU4ODYzLjY3MzI4NTUud2VicCIsIm5hbWUiOiJcdTgwYTVcdTcyNWJcdTk5NmQiLCJwcmljZSI6MTkuMCwic3RhdHVzIjoxLCJjcmVhdGVfYXQiOiIyMDE4LTA5LTExIDA5OjQxOjAzIiwidXBkYXRlX2F0IjoiMjAxOC0wOS0xMSAwOTo0MTowMyJ9LHsiaWQiOjgsInNob3BfaWQiOjEsImNhdGVnb3J5X2lkIjoyLCJjb3Zlcl9waWMiOiIxNTM2NjU4OTYwLjM5NTQxMzQud2VicCIsIm5hbWUiOiJcdTY1ZTBcdTlhYThcdTU0OTZcdTU1YjFcdTllMjFcdTk5NmQiLCJwcmljZSI6MTguMCwic3RhdHVzIjoxLCJjcmVhdGVfYXQiOiIyMDE4LTA5LTExIDA5OjQyOjQwIiwidXBkYXRlX2F0IjoiMjAxOC0wOS0xMSAwOTo0Mjo0MCJ9XX0sIjMiOnsiaWQiOjMsIm5hbWUiOiJcdTVjMGZcdTgzZGMiLCJwaWRzIjpbeyJpZCI6OSwic2hvcF9pZCI6MSwiY2F0ZWdvcnlfaWQiOjMsImNvdmVyX3BpYyI6IjE1MzY2NTkwNjUuNzk3MjYzNi53ZWJwIiwibmFtZSI6Ilx1NTM1NVx1NGVmZFx1NzU2YVx1ODMwNFx1OWUyMVx1ODZjYiIsInByaWNlIjo4LjAsInN0YXR1cyI6MSwiY3JlYXRlX2F0IjoiMjAxOC0wOS0xMSAwOTo0NDoyNSIsInVwZGF0ZV9hdCI6IjIwMTgtMDktMTEgMDk6NDQ6MjUifSx7ImlkIjoxMCwic2hvcF9pZCI6MSwiY2F0ZWdvcnlfaWQiOjMsImNvdmVyX3BpYyI6IjE1MzY2NTkxMTQuMDQ0MDIzNS53ZWJwIiwibmFtZSI6Ilx1NTM1NVx1NGVmZFx1NjcyOFx1OTg3Ylx1ODA4OSIsInByaWNlIjo4LjAsInN0YXR1cyI6MSwiY3JlYXRlX2F0IjoiMjAxOC0wOS0xMSAwOTo0NToxNCIsInVwZGF0ZV9hdCI6IjIwMTgtMDktMTEgMDk6NDU6MTQifSx7ImlkIjoxMSwic2hvcF9pZCI6MSwiY2F0ZWdvcnlfaWQiOjMsImNvdmVyX3BpYyI6IjE1MzY2NTkxOTcuNzIzMTIyMS53ZWJwIiwibmFtZSI6Ilx1ODNkY1x1NWZjMyIsInByaWNlIjo2LjAsInN0YXR1cyI6MSwiY3JlYXRlX2F0IjoiMjAxOC0wOS0xMSAwOTo0NjozNyIsInVwZGF0ZV9hdCI6IjIwMTgtMDktMTEgMDk6NDY6MzcifSx7ImlkIjoxMiwic2hvcF9pZCI6MSwiY2F0ZWdvcnlfaWQiOjMsImNvdmVyX3BpYyI6IjE1MzY2NTkyNTMuODg0MjcxNi53ZWJwIiwibmFtZSI6Ilx1NTM1NVx1NGVmZFx1OTk5OVx1OGZhM1x1N2IwYlx1NWU3Mlx1NzBlN1x1ODA4OSIsInByaWNlIjoxNS4wLCJzdGF0dXMiOjEsImNyZWF0ZV9hdCI6IjIwMTgtMDktMTEgMDk6NDc6MzMiLCJ1cGRhdGVfYXQiOiIyMDE4LTA5LTExIDA5OjQ3OjMzIn1dfSwiNCI6eyJpZCI6NCwibmFtZSI6Ilx1NmM2NC9cdTk5NmVcdTY1OTkiLCJwaWRzIjpbeyJpZCI6MTMsInNob3BfaWQiOjEsImNhdGVnb3J5X2lkIjo0LCJjb3Zlcl9waWMiOiIxNTM2NjU5MzExLjg2OTk0OTMud2VicCIsIm5hbWUiOiJcdTc1NmFcdTgzMDRcdTg2Y2JcdTgyYjFcdTZjNjQiLCJwcmljZSI6NC4wLCJzdGF0dXMiOjEsImNyZWF0ZV9hdCI6IjIwMTgtMDktMTEgMDk6NDg6MzEiLCJ1cGRhdGVfYXQiOiIyMDE4LTA5LTExIDA5OjQ4OjMxIn0seyJpZCI6MTQsInNob3BfaWQiOjEsImNhdGVnb3J5X2lkIjo0LCJjb3Zlcl9waWMiOiIxNTM2NjU5MzY0Ljc4OTI1MTMud2VicCIsIm5hbWUiOiJcdTczOGJcdTgwMDFcdTU0MDkiLCJwcmljZSI6Ni4wLCJzdGF0dXMiOjEsImNyZWF0ZV9hdCI6IjIwMTgtMDktMTEgMDk6NDk6MjQiLCJ1cGRhdGVfYXQiOiIyMDE4LTA5LTExIDA5OjQ5OjI0In0seyJpZCI6MTUsInNob3BfaWQiOjEsImNhdGVnb3J5X2lkIjo0LCJjb3Zlcl9waWMiOiIxNTM2NjU5NTYzLjM4OTc2NDgud2VicCIsIm5hbWUiOiJcdTY3OWNcdTdjOTJcdTZhNTkiLCJwcmljZSI6NS4wLCJzdGF0dXMiOjEsImNyZWF0ZV9hdCI6IjIwMTgtMDktMTEgMDk6NTI6NDMiLCJ1cGRhdGVfYXQiOiIyMDE4LTA5LTExIDA5OjUyOjQzIn0seyJpZCI6MTYsInNob3BfaWQiOjEsImNhdGVnb3J5X2lkIjo0LCJjb3Zlcl9waWMiOiIxNTM2NjU5NjA1LjU1NjE3NzEud2VicCIsIm5hbWUiOiJcdTc3ZmZcdTZjYzlcdTZjMzQiLCJwcmljZSI6My4wLCJzdGF0dXMiOjEsImNyZWF0ZV9hdCI6IjIwMTgtMDktMTEgMDk6NTM6MjUiLCJ1cGRhdGVfYXQiOiIyMDE4LTA5LTExIDA5OjUzOjI1In0seyJpZCI6MTcsInNob3BfaWQiOjEsImNhdGVnb3J5X2lkIjo0LCJjb3Zlcl9waWMiOiIxNTM2NjU5Njg4LjQ4NTYxNTcud2VicCIsIm5hbWUiOiJcdTRlNGNcdTY4ODVcdTZjNDEiLCJwcmljZSI6NC4wLCJzdGF0dXMiOjEsImNyZWF0ZV9hdCI6IjIwMTgtMDktMTEgMDk6NTQ6NDgiLCJ1cGRhdGVfYXQiOiIyMDE4LTA5LTExIDA5OjU0OjQ4In1dfX0sInByb2R1Y3RsaXN0Ijp7IjEiOnsiaWQiOjEsInNob3BfaWQiOjEsImNhdGVnb3J5X2lkIjoxLCJjb3Zlcl9waWMiOiIxNTM2NjU3NjIwLjU0ODU3MDQud2VicCIsIm5hbWUiOiJcdTdlYTJcdTcwZTdcdTgwODkrXHU3MmVlXHU1YjUwXHU1OTM0K1x1OTk2ZVx1NjU5OSIsInByaWNlIjoyNS4wLCJzdGF0dXMiOjEsImNyZWF0ZV9hdCI6IjIwMTgtMDktMTEgMDk6MjA6MjAiLCJ1cGRhdGVfYXQiOiIyMDE4LTA5LTExIDA5OjMwOjI1In0sIjIiOnsiaWQiOjIsInNob3BfaWQiOjEsImNhdGVnb3J5X2lkIjoxLCJjb3Zlcl9waWMiOiIxNTM2NjU4MzUyLjkzNDE1NTcud2VicCIsIm5hbWUiOiJcdTdlYTJcdTcwZTdcdTgwODkrXHU3NTZhXHU4MzA0XHU5ZTIxXHU4NmNiIiwicHJpY2UiOjIyLjAsInN0YXR1cyI6MSwiY3JlYXRlX2F0IjoiMjAxOC0wOS0xMSAwOTozMjozMiIsInVwZGF0ZV9hdCI6IjIwMTgtMDktMTEgMDk6MzI6MzIifSwiMyI6eyJpZCI6Mywic2hvcF9pZCI6MSwiY2F0ZWdvcnlfaWQiOjEsImNvdmVyX3BpYyI6IjE1MzY2NTg0MTUuNjgzODAwMi53ZWJwIiwibmFtZSI6Ilx1Njg4NVx1ODNkY1x1NjI2M1x1ODA4OStcdTc1NmFcdTgzMDRcdTllMjFcdTg2Y2IiLCJwcmljZSI6MjIuMCwic3RhdHVzIjoxLCJjcmVhdGVfYXQiOiIyMDE4LTA5LTExIDA5OjMzOjM1IiwidXBkYXRlX2F0IjoiMjAxOC0wOS0xMSAwOTozMzozNSJ9LCI0Ijp7ImlkIjo0LCJzaG9wX2lkIjoxLCJjYXRlZ29yeV9pZCI6MSwiY292ZXJfcGljIjoiMTUzNjY1ODU3NC4yODQ3MzczLndlYnAiLCJuYW1lIjoiXHU4MGE1XHU3MjViK1x1NzU2YVx1ODMwNFx1OWUyMVx1ODZjYiIsInByaWNlIjoyMi4wLCJzdGF0dXMiOjEsImNyZWF0ZV9hdCI6IjIwMTgtMDktMTEgMDk6MzY6MTQiLCJ1cGRhdGVfYXQiOiIyMDE4LTA5LTExIDA5OjM2OjE0In0sIjUiOnsiaWQiOjUsInNob3BfaWQiOjEsImNhdGVnb3J5X2lkIjoyLCJjb3Zlcl9waWMiOiIxNTM2NjU4NjU5LjA0NDY5OTIud2VicCIsIm5hbWUiOiJcdTY4ODVcdTgzZGNcdTYyNjNcdTgwODlcdTk5NmQiLCJwcmljZSI6MTkuMCwic3RhdHVzIjoxLCJjcmVhdGVfYXQiOiIyMDE4LTA5LTExIDA5OjM3OjM5IiwidXBkYXRlX2F0IjoiMjAxOC0wOS0xMSAwOTozNzozOSJ9LCI2Ijp7ImlkIjo2LCJzaG9wX2lkIjoxLCJjYXRlZ29yeV9pZCI6MiwiY292ZXJfcGljIjoiMTUzNjY1ODgyNC4zOTc2NTA1LndlYnAiLCJuYW1lIjoiXHU2NzI4XHU5ODdiXHU4MDg5XHU5OTZkIiwicHJpY2UiOjE2LjAsInN0YXR1cyI6MSwiY3JlYXRlX2F0IjoiMjAxOC0wOS0xMSAwOTo0MDoyNCIsInVwZGF0ZV9hdCI6IjIwMTgtMDktMTEgMDk6NDA6MjQifSwiNyI6eyJpZCI6Nywic2hvcF9pZCI6MSwiY2F0ZWdvcnlfaWQiOjIsImNvdmVyX3BpYyI6IjE1MzY2NTg4NjMuNjczMjg1NS53ZWJwIiwibmFtZSI6Ilx1ODBhNVx1NzI1Ylx1OTk2ZCIsInByaWNlIjoxOS4wLCJzdGF0dXMiOjEsImNyZWF0ZV9hdCI6IjIwMTgtMDktMTEgMDk6NDE6MDMiLCJ1cGRhdGVfYXQiOiIyMDE4LTA5LTExIDA5OjQxOjAzIn0sIjgiOnsiaWQiOjgsInNob3BfaWQiOjEsImNhdGVnb3J5X2lkIjoyLCJjb3Zlcl9waWMiOiIxNTM2NjU4OTYwLjM5NTQxMzQud2VicCIsIm5hbWUiOiJcdTY1ZTBcdTlhYThcdTU0OTZcdTU1YjFcdTllMjFcdTk5NmQiLCJwcmljZSI6MTguMCwic3RhdHVzIjoxLCJjcmVhdGVfYXQiOiIyMDE4LTA5LTExIDA5OjQyOjQwIiwidXBkYXRlX2F0IjoiMjAxOC0wOS0xMSAwOTo0Mjo0MCJ9LCI5Ijp7ImlkIjo5LCJzaG9wX2lkIjoxLCJjYXRlZ29yeV9pZCI6MywiY292ZXJfcGljIjoiMTUzNjY1OTA2NS43OTcyNjM2LndlYnAiLCJuYW1lIjoiXHU1MzU1XHU0ZWZkXHU3NTZhXHU4MzA0XHU5ZTIxXHU4NmNiIiwicHJpY2UiOjguMCwic3RhdHVzIjoxLCJjcmVhdGVfYXQiOiIyMDE4LTA5LTExIDA5OjQ0OjI1IiwidXBkYXRlX2F0IjoiMjAxOC0wOS0xMSAwOTo0NDoyNSJ9LCIxMCI6eyJpZCI6MTAsInNob3BfaWQiOjEsImNhdGVnb3J5X2lkIjozLCJjb3Zlcl9waWMiOiIxNTM2NjU5MTE0LjA0NDAyMzUud2VicCIsIm5hbWUiOiJcdTUzNTVcdTRlZmRcdTY3MjhcdTk4N2JcdTgwODkiLCJwcmljZSI6OC4wLCJzdGF0dXMiOjEsImNyZWF0ZV9hdCI6IjIwMTgtMDktMTEgMDk6NDU6MTQiLCJ1cGRhdGVfYXQiOiIyMDE4LTA5LTExIDA5OjQ1OjE0In0sIjExIjp7ImlkIjoxMSwic2hvcF9pZCI6MSwiY2F0ZWdvcnlfaWQiOjMsImNvdmVyX3BpYyI6IjE1MzY2NTkxOTcuNzIzMTIyMS53ZWJwIiwibmFtZSI6Ilx1ODNkY1x1NWZjMyIsInByaWNlIjo2LjAsInN0YXR1cyI6MSwiY3JlYXRlX2F0IjoiMjAxOC0wOS0xMSAwOTo0NjozNyIsInVwZGF0ZV9hdCI6IjIwMTgtMDktMTEgMDk6NDY6MzcifSwiMTIiOnsiaWQiOjEyLCJzaG9wX2lkIjoxLCJjYXRlZ29yeV9pZCI6MywiY292ZXJfcGljIjoiMTUzNjY1OTI1My44ODQyNzE2LndlYnAiLCJuYW1lIjoiXHU1MzU1XHU0ZWZkXHU5OTk5XHU4ZmEzXHU3YjBiXHU1ZTcyXHU3MGU3XHU4MDg5IiwicHJpY2UiOjE1LjAsInN0YXR1cyI6MSwiY3JlYXRlX2F0IjoiMjAxOC0wOS0xMSAwOTo0NzozMyIsInVwZGF0ZV9hdCI6IjIwMTgtMDktMTEgMDk6NDc6MzMifSwiMTMiOnsiaWQiOjEzLCJzaG9wX2lkIjoxLCJjYXRlZ29yeV9pZCI6NCwiY292ZXJfcGljIjoiMTUzNjY1OTMxMS44Njk5NDkzLndlYnAiLCJuYW1lIjoiXHU3NTZhXHU4MzA0XHU4NmNiXHU4MmIxXHU2YzY0IiwicHJpY2UiOjQuMCwic3RhdHVzIjoxLCJjcmVhdGVfYXQiOiIyMDE4LTA5LTExIDA5OjQ4OjMxIiwidXBkYXRlX2F0IjoiMjAxOC0wOS0xMSAwOTo0ODozMSJ9LCIxNCI6eyJpZCI6MTQsInNob3BfaWQiOjEsImNhdGVnb3J5X2lkIjo0LCJjb3Zlcl9waWMiOiIxNTM2NjU5MzY0Ljc4OTI1MTMud2VicCIsIm5hbWUiOiJcdTczOGJcdTgwMDFcdTU0MDkiLCJwcmljZSI6Ni4wLCJzdGF0dXMiOjEsImNyZWF0ZV9hdCI6IjIwMTgtMDktMTEgMDk6NDk6MjQiLCJ1cGRhdGVfYXQiOiIyMDE4LTA5LTExIDA5OjQ5OjI0In0sIjE1Ijp7ImlkIjoxNSwic2hvcF9pZCI6MSwiY2F0ZWdvcnlfaWQiOjQsImNvdmVyX3BpYyI6IjE1MzY2NTk1NjMuMzg5NzY0OC53ZWJwIiwibmFtZSI6Ilx1Njc5Y1x1N2M5Mlx1NmE1OSIsInByaWNlIjo1LjAsInN0YXR1cyI6MSwiY3JlYXRlX2F0IjoiMjAxOC0wOS0xMSAwOTo1Mjo0MyIsInVwZGF0ZV9hdCI6IjIwMTgtMDktMTEgMDk6NTI6NDMifSwiMTYiOnsiaWQiOjE2LCJzaG9wX2lkIjoxLCJjYXRlZ29yeV9pZCI6NCwiY292ZXJfcGljIjoiMTUzNjY1OTYwNS41NTYxNzcxLndlYnAiLCJuYW1lIjoiXHU3N2ZmXHU2Y2M5XHU2YzM0IiwicHJpY2UiOjMuMCwic3RhdHVzIjoxLCJjcmVhdGVfYXQiOiIyMDE4LTA5LTExIDA5OjUzOjI1IiwidXBkYXRlX2F0IjoiMjAxOC0wOS0xMSAwOTo1MzoyNSJ9LCIxNyI6eyJpZCI6MTcsInNob3BfaWQiOjEsImNhdGVnb3J5X2lkIjo0LCJjb3Zlcl9waWMiOiIxNTM2NjU5Njg4LjQ4NTYxNTcud2VicCIsIm5hbWUiOiJcdTRlNGNcdTY4ODVcdTZjNDEiLCJwcmljZSI6NC4wLCJzdGF0dXMiOjEsImNyZWF0ZV9hdCI6IjIwMTgtMDktMTEgMDk6NTQ6NDgiLCJ1cGRhdGVfYXQiOiIyMDE4LTA5LTExIDA5OjU0OjQ4In19LCJ0b3RhbF9tb25leSI6MH0=','2018-10-28 05:46:55.527035'),('1klwelclufg5p7cnt4sw9edg4gtbwjai','M2IwODgwZmE0NDUyODBlOTFjZjNkMzEzNjUxYWE1YTQ2NWFhNDg2NTp7Im1lbWJlcl91c2VyIjp7ImlkIjoxLCJuaWNrbmFtZSI6ImxpeGlhb2ZlbmciLCJhdmF0YXIiOiJtb3Jlbi5wbmciLCJtb2JpbGUiOiIxMTIzNDU2Nzg5OSIsInN0YXR1cyI6OSwiY3JlYXRlX2F0IjoiMjAxOC0wOC0yMCAxMjozNDo1NiIsInVwZGF0ZV9hdCI6IjIwMTgtMTAtMTIgMjI6NTM6MTkifX0=','2018-11-18 06:06:08.874052'),('26toj2wu8f6t6qwg6i9gnt53mcobcwap','ZGQ0ODA4YmNjMzVmMmQzOTUzYmY5Yjg1NGVjNjZlZDg5NDJlODA1ODp7InZlcmlmeWNvZGUiOiI4MDk3Iiwic2hvcGluZm8iOnsiaWQiOjEsIm5hbWUiOiJcdTc1MzBcdTgwMDFcdTVlMDhcdTdlYTJcdTcwZTdcdTgwODkiLCJzaG9wIjoiXHU2NzFkXHU5NjMzXHU1YzA2XHU1M2YwXHU4ZGVmXHU1ZTk3IiwiY292ZXJfcGljIjoiMTIzNDEyMzQuanBnIiwiYmFubmVyX3BpYyI6ImxnLmpwZyIsImFkZHJlc3MiOiJcdTUzMTdcdTRlYWNcdTVlMDJcdTY3MWRcdTk2MzNcdTUzM2FcdTVjMDZcdTUzZjBcdTRlNjFcdTRlMWNcdTUxNmJcdTk1ZjRcdTYyM2ZcdTY3NTFcdTg5N2ZcdTRlMzQ4XHU1M2Y3IiwicGhvbmUiOiIxMjM0NTY3ODkwNSIsInN0YXR1cyI6MSwiY3JlYXRlX2F0IjoiMjAxOC0wOC0yMCAxMDoxMjozNCIsInVwZGF0ZV9hdCI6IjIwMTgtMDktMDIgMTI6MzQ6NTYifSwiY2F0ZWdvcnlpZHMiOlsxLDIsMyw0XSwiY2F0ZWdvcnlsaXN0Ijp7IjEiOnsiaWQiOjEsIm5hbWUiOiJcdTUzY2NcdTYyZmNcdTU5NTdcdTk5MTAiLCJwaWRzIjpbeyJpZCI6MSwic2hvcF9pZCI6MSwiY2F0ZWdvcnlfaWQiOjEsImNvdmVyX3BpYyI6IjE1MzY2NTc2MjAuNTQ4NTcwNC53ZWJwIiwibmFtZSI6Ilx1N2VhMlx1NzBlN1x1ODA4OStcdTcyZWVcdTViNTBcdTU5MzQrXHU5OTZlXHU2NTk5IiwicHJpY2UiOjI1LjAsInN0YXR1cyI6MSwiY3JlYXRlX2F0IjoiMjAxOC0wOS0xMSAwOToyMDoyMCIsInVwZGF0ZV9hdCI6IjIwMTgtMDktMTEgMDk6MzA6MjUifSx7ImlkIjoyLCJzaG9wX2lkIjoxLCJjYXRlZ29yeV9pZCI6MSwiY292ZXJfcGljIjoiMTUzNjY1ODM1Mi45MzQxNTU3LndlYnAiLCJuYW1lIjoiXHU3ZWEyXHU3MGU3XHU4MDg5K1x1NzU2YVx1ODMwNFx1OWUyMVx1ODZjYiIsInByaWNlIjoyMi4wLCJzdGF0dXMiOjEsImNyZWF0ZV9hdCI6IjIwMTgtMDktMTEgMDk6MzI6MzIiLCJ1cGRhdGVfYXQiOiIyMDE4LTA5LTExIDA5OjMyOjMyIn0seyJpZCI6Mywic2hvcF9pZCI6MSwiY2F0ZWdvcnlfaWQiOjEsImNvdmVyX3BpYyI6IjE1MzY2NTg0MTUuNjgzODAwMi53ZWJwIiwibmFtZSI6Ilx1Njg4NVx1ODNkY1x1NjI2M1x1ODA4OStcdTc1NmFcdTgzMDRcdTllMjFcdTg2Y2IiLCJwcmljZSI6MjIuMCwic3RhdHVzIjoxLCJjcmVhdGVfYXQiOiIyMDE4LTA5LTExIDA5OjMzOjM1IiwidXBkYXRlX2F0IjoiMjAxOC0wOS0xMSAwOTozMzozNSJ9LHsiaWQiOjQsInNob3BfaWQiOjEsImNhdGVnb3J5X2lkIjoxLCJjb3Zlcl9waWMiOiIxNTM2NjU4NTc0LjI4NDczNzMud2VicCIsIm5hbWUiOiJcdTgwYTVcdTcyNWIrXHU3NTZhXHU4MzA0XHU5ZTIxXHU4NmNiIiwicHJpY2UiOjIyLjAsInN0YXR1cyI6MSwiY3JlYXRlX2F0IjoiMjAxOC0wOS0xMSAwOTozNjoxNCIsInVwZGF0ZV9hdCI6IjIwMTgtMDktMTEgMDk6MzY6MTQifV19LCIyIjp7ImlkIjoyLCJuYW1lIjoiXHU3NmQ2XHU5OTZkIiwicGlkcyI6W3siaWQiOjUsInNob3BfaWQiOjEsImNhdGVnb3J5X2lkIjoyLCJjb3Zlcl9waWMiOiIxNTM2NjU4NjU5LjA0NDY5OTIud2VicCIsIm5hbWUiOiJcdTY4ODVcdTgzZGNcdTYyNjNcdTgwODlcdTk5NmQiLCJwcmljZSI6MTkuMCwic3RhdHVzIjoxLCJjcmVhdGVfYXQiOiIyMDE4LTA5LTExIDA5OjM3OjM5IiwidXBkYXRlX2F0IjoiMjAxOC0wOS0xMSAwOTozNzozOSJ9LHsiaWQiOjYsInNob3BfaWQiOjEsImNhdGVnb3J5X2lkIjoyLCJjb3Zlcl9waWMiOiIxNTM2NjU4ODI0LjM5NzY1MDUud2VicCIsIm5hbWUiOiJcdTY3MjhcdTk4N2JcdTgwODlcdTk5NmQiLCJwcmljZSI6MTYuMCwic3RhdHVzIjoxLCJjcmVhdGVfYXQiOiIyMDE4LTA5LTExIDA5OjQwOjI0IiwidXBkYXRlX2F0IjoiMjAxOC0wOS0xMSAwOTo0MDoyNCJ9LHsiaWQiOjcsInNob3BfaWQiOjEsImNhdGVnb3J5X2lkIjoyLCJjb3Zlcl9waWMiOiIxNTM2NjU4ODYzLjY3MzI4NTUud2VicCIsIm5hbWUiOiJcdTgwYTVcdTcyNWJcdTk5NmQiLCJwcmljZSI6MTkuMCwic3RhdHVzIjoxLCJjcmVhdGVfYXQiOiIyMDE4LTA5LTExIDA5OjQxOjAzIiwidXBkYXRlX2F0IjoiMjAxOC0wOS0xMSAwOTo0MTowMyJ9LHsiaWQiOjgsInNob3BfaWQiOjEsImNhdGVnb3J5X2lkIjoyLCJjb3Zlcl9waWMiOiIxNTM2NjU4OTYwLjM5NTQxMzQud2VicCIsIm5hbWUiOiJcdTY1ZTBcdTlhYThcdTU0OTZcdTU1YjFcdTllMjFcdTk5NmQiLCJwcmljZSI6MTguMCwic3RhdHVzIjoxLCJjcmVhdGVfYXQiOiIyMDE4LTA5LTExIDA5OjQyOjQwIiwidXBkYXRlX2F0IjoiMjAxOC0wOS0xMSAwOTo0Mjo0MCJ9XX0sIjMiOnsiaWQiOjMsIm5hbWUiOiJcdTVjMGZcdTgzZGMiLCJwaWRzIjpbeyJpZCI6OSwic2hvcF9pZCI6MSwiY2F0ZWdvcnlfaWQiOjMsImNvdmVyX3BpYyI6IjE1MzY2NTkwNjUuNzk3MjYzNi53ZWJwIiwibmFtZSI6Ilx1NTM1NVx1NGVmZFx1NzU2YVx1ODMwNFx1OWUyMVx1ODZjYiIsInByaWNlIjo4LjAsInN0YXR1cyI6MSwiY3JlYXRlX2F0IjoiMjAxOC0wOS0xMSAwOTo0NDoyNSIsInVwZGF0ZV9hdCI6IjIwMTgtMDktMTEgMDk6NDQ6MjUifSx7ImlkIjoxMCwic2hvcF9pZCI6MSwiY2F0ZWdvcnlfaWQiOjMsImNvdmVyX3BpYyI6IjE1MzY2NTkxMTQuMDQ0MDIzNS53ZWJwIiwibmFtZSI6Ilx1NTM1NVx1NGVmZFx1NjcyOFx1OTg3Ylx1ODA4OSIsInByaWNlIjo4LjAsInN0YXR1cyI6MSwiY3JlYXRlX2F0IjoiMjAxOC0wOS0xMSAwOTo0NToxNCIsInVwZGF0ZV9hdCI6IjIwMTgtMDktMTEgMDk6NDU6MTQifSx7ImlkIjoxMSwic2hvcF9pZCI6MSwiY2F0ZWdvcnlfaWQiOjMsImNvdmVyX3BpYyI6IjE1MzY2NTkxOTcuNzIzMTIyMS53ZWJwIiwibmFtZSI6Ilx1ODNkY1x1NWZjMyIsInByaWNlIjo2LjAsInN0YXR1cyI6MSwiY3JlYXRlX2F0IjoiMjAxOC0wOS0xMSAwOTo0NjozNyIsInVwZGF0ZV9hdCI6IjIwMTgtMDktMTEgMDk6NDY6MzcifSx7ImlkIjoxMiwic2hvcF9pZCI6MSwiY2F0ZWdvcnlfaWQiOjMsImNvdmVyX3BpYyI6IjE1MzY2NTkyNTMuODg0MjcxNi53ZWJwIiwibmFtZSI6Ilx1NTM1NVx1NGVmZFx1OTk5OVx1OGZhM1x1N2IwYlx1NWU3Mlx1NzBlN1x1ODA4OSIsInByaWNlIjoxNS4wLCJzdGF0dXMiOjEsImNyZWF0ZV9hdCI6IjIwMTgtMDktMTEgMDk6NDc6MzMiLCJ1cGRhdGVfYXQiOiIyMDE4LTA5LTExIDA5OjQ3OjMzIn1dfSwiNCI6eyJpZCI6NCwibmFtZSI6Ilx1NmM2NC9cdTk5NmVcdTY1OTkiLCJwaWRzIjpbeyJpZCI6MTMsInNob3BfaWQiOjEsImNhdGVnb3J5X2lkIjo0LCJjb3Zlcl9waWMiOiIxNTM2NjU5MzExLjg2OTk0OTMud2VicCIsIm5hbWUiOiJcdTc1NmFcdTgzMDRcdTg2Y2JcdTgyYjFcdTZjNjQiLCJwcmljZSI6NC4wLCJzdGF0dXMiOjEsImNyZWF0ZV9hdCI6IjIwMTgtMDktMTEgMDk6NDg6MzEiLCJ1cGRhdGVfYXQiOiIyMDE4LTA5LTExIDA5OjQ4OjMxIn0seyJpZCI6MTQsInNob3BfaWQiOjEsImNhdGVnb3J5X2lkIjo0LCJjb3Zlcl9waWMiOiIxNTM2NjU5MzY0Ljc4OTI1MTMud2VicCIsIm5hbWUiOiJcdTczOGJcdTgwMDFcdTU0MDkiLCJwcmljZSI6Ni4wLCJzdGF0dXMiOjEsImNyZWF0ZV9hdCI6IjIwMTgtMDktMTEgMDk6NDk6MjQiLCJ1cGRhdGVfYXQiOiIyMDE4LTA5LTExIDA5OjQ5OjI0In0seyJpZCI6MTUsInNob3BfaWQiOjEsImNhdGVnb3J5X2lkIjo0LCJjb3Zlcl9waWMiOiIxNTM2NjU5NTYzLjM4OTc2NDgud2VicCIsIm5hbWUiOiJcdTY3OWNcdTdjOTJcdTZhNTkiLCJwcmljZSI6NS4wLCJzdGF0dXMiOjEsImNyZWF0ZV9hdCI6IjIwMTgtMDktMTEgMDk6NTI6NDMiLCJ1cGRhdGVfYXQiOiIyMDE4LTA5LTExIDA5OjUyOjQzIn0seyJpZCI6MTYsInNob3BfaWQiOjEsImNhdGVnb3J5X2lkIjo0LCJjb3Zlcl9waWMiOiIxNTM2NjU5NjA1LjU1NjE3NzEud2VicCIsIm5hbWUiOiJcdTc3ZmZcdTZjYzlcdTZjMzQiLCJwcmljZSI6My4wLCJzdGF0dXMiOjEsImNyZWF0ZV9hdCI6IjIwMTgtMDktMTEgMDk6NTM6MjUiLCJ1cGRhdGVfYXQiOiIyMDE4LTA5LTExIDA5OjUzOjI1In0seyJpZCI6MTcsInNob3BfaWQiOjEsImNhdGVnb3J5X2lkIjo0LCJjb3Zlcl9waWMiOiIxNTM2NjU5Njg4LjQ4NTYxNTcud2VicCIsIm5hbWUiOiJcdTRlNGNcdTY4ODVcdTZjNDEiLCJwcmljZSI6NC4wLCJzdGF0dXMiOjEsImNyZWF0ZV9hdCI6IjIwMTgtMDktMTEgMDk6NTQ6NDgiLCJ1cGRhdGVfYXQiOiIyMDE4LTA5LTExIDA5OjU0OjQ4In1dfX0sInByb2R1Y3RsaXN0Ijp7IjEiOnsiaWQiOjEsInNob3BfaWQiOjEsImNhdGVnb3J5X2lkIjoxLCJjb3Zlcl9waWMiOiIxNTM2NjU3NjIwLjU0ODU3MDQud2VicCIsIm5hbWUiOiJcdTdlYTJcdTcwZTdcdTgwODkrXHU3MmVlXHU1YjUwXHU1OTM0K1x1OTk2ZVx1NjU5OSIsInByaWNlIjoyNS4wLCJzdGF0dXMiOjEsImNyZWF0ZV9hdCI6IjIwMTgtMDktMTEgMDk6MjA6MjAiLCJ1cGRhdGVfYXQiOiIyMDE4LTA5LTExIDA5OjMwOjI1In0sIjIiOnsiaWQiOjIsInNob3BfaWQiOjEsImNhdGVnb3J5X2lkIjoxLCJjb3Zlcl9waWMiOiIxNTM2NjU4MzUyLjkzNDE1NTcud2VicCIsIm5hbWUiOiJcdTdlYTJcdTcwZTdcdTgwODkrXHU3NTZhXHU4MzA0XHU5ZTIxXHU4NmNiIiwicHJpY2UiOjIyLjAsInN0YXR1cyI6MSwiY3JlYXRlX2F0IjoiMjAxOC0wOS0xMSAwOTozMjozMiIsInVwZGF0ZV9hdCI6IjIwMTgtMDktMTEgMDk6MzI6MzIifSwiMyI6eyJpZCI6Mywic2hvcF9pZCI6MSwiY2F0ZWdvcnlfaWQiOjEsImNvdmVyX3BpYyI6IjE1MzY2NTg0MTUuNjgzODAwMi53ZWJwIiwibmFtZSI6Ilx1Njg4NVx1ODNkY1x1NjI2M1x1ODA4OStcdTc1NmFcdTgzMDRcdTllMjFcdTg2Y2IiLCJwcmljZSI6MjIuMCwic3RhdHVzIjoxLCJjcmVhdGVfYXQiOiIyMDE4LTA5LTExIDA5OjMzOjM1IiwidXBkYXRlX2F0IjoiMjAxOC0wOS0xMSAwOTozMzozNSJ9LCI0Ijp7ImlkIjo0LCJzaG9wX2lkIjoxLCJjYXRlZ29yeV9pZCI6MSwiY292ZXJfcGljIjoiMTUzNjY1ODU3NC4yODQ3MzczLndlYnAiLCJuYW1lIjoiXHU4MGE1XHU3MjViK1x1NzU2YVx1ODMwNFx1OWUyMVx1ODZjYiIsInByaWNlIjoyMi4wLCJzdGF0dXMiOjEsImNyZWF0ZV9hdCI6IjIwMTgtMDktMTEgMDk6MzY6MTQiLCJ1cGRhdGVfYXQiOiIyMDE4LTA5LTExIDA5OjM2OjE0In0sIjUiOnsiaWQiOjUsInNob3BfaWQiOjEsImNhdGVnb3J5X2lkIjoyLCJjb3Zlcl9waWMiOiIxNTM2NjU4NjU5LjA0NDY5OTIud2VicCIsIm5hbWUiOiJcdTY4ODVcdTgzZGNcdTYyNjNcdTgwODlcdTk5NmQiLCJwcmljZSI6MTkuMCwic3RhdHVzIjoxLCJjcmVhdGVfYXQiOiIyMDE4LTA5LTExIDA5OjM3OjM5IiwidXBkYXRlX2F0IjoiMjAxOC0wOS0xMSAwOTozNzozOSJ9LCI2Ijp7ImlkIjo2LCJzaG9wX2lkIjoxLCJjYXRlZ29yeV9pZCI6MiwiY292ZXJfcGljIjoiMTUzNjY1ODgyNC4zOTc2NTA1LndlYnAiLCJuYW1lIjoiXHU2NzI4XHU5ODdiXHU4MDg5XHU5OTZkIiwicHJpY2UiOjE2LjAsInN0YXR1cyI6MSwiY3JlYXRlX2F0IjoiMjAxOC0wOS0xMSAwOTo0MDoyNCIsInVwZGF0ZV9hdCI6IjIwMTgtMDktMTEgMDk6NDA6MjQifSwiNyI6eyJpZCI6Nywic2hvcF9pZCI6MSwiY2F0ZWdvcnlfaWQiOjIsImNvdmVyX3BpYyI6IjE1MzY2NTg4NjMuNjczMjg1NS53ZWJwIiwibmFtZSI6Ilx1ODBhNVx1NzI1Ylx1OTk2ZCIsInByaWNlIjoxOS4wLCJzdGF0dXMiOjEsImNyZWF0ZV9hdCI6IjIwMTgtMDktMTEgMDk6NDE6MDMiLCJ1cGRhdGVfYXQiOiIyMDE4LTA5LTExIDA5OjQxOjAzIn0sIjgiOnsiaWQiOjgsInNob3BfaWQiOjEsImNhdGVnb3J5X2lkIjoyLCJjb3Zlcl9waWMiOiIxNTM2NjU4OTYwLjM5NTQxMzQud2VicCIsIm5hbWUiOiJcdTY1ZTBcdTlhYThcdTU0OTZcdTU1YjFcdTllMjFcdTk5NmQiLCJwcmljZSI6MTguMCwic3RhdHVzIjoxLCJjcmVhdGVfYXQiOiIyMDE4LTA5LTExIDA5OjQyOjQwIiwidXBkYXRlX2F0IjoiMjAxOC0wOS0xMSAwOTo0Mjo0MCJ9LCI5Ijp7ImlkIjo5LCJzaG9wX2lkIjoxLCJjYXRlZ29yeV9pZCI6MywiY292ZXJfcGljIjoiMTUzNjY1OTA2NS43OTcyNjM2LndlYnAiLCJuYW1lIjoiXHU1MzU1XHU0ZWZkXHU3NTZhXHU4MzA0XHU5ZTIxXHU4NmNiIiwicHJpY2UiOjguMCwic3RhdHVzIjoxLCJjcmVhdGVfYXQiOiIyMDE4LTA5LTExIDA5OjQ0OjI1IiwidXBkYXRlX2F0IjoiMjAxOC0wOS0xMSAwOTo0NDoyNSJ9LCIxMCI6eyJpZCI6MTAsInNob3BfaWQiOjEsImNhdGVnb3J5X2lkIjozLCJjb3Zlcl9waWMiOiIxNTM2NjU5MTE0LjA0NDAyMzUud2VicCIsIm5hbWUiOiJcdTUzNTVcdTRlZmRcdTY3MjhcdTk4N2JcdTgwODkiLCJwcmljZSI6OC4wLCJzdGF0dXMiOjEsImNyZWF0ZV9hdCI6IjIwMTgtMDktMTEgMDk6NDU6MTQiLCJ1cGRhdGVfYXQiOiIyMDE4LTA5LTExIDA5OjQ1OjE0In0sIjExIjp7ImlkIjoxMSwic2hvcF9pZCI6MSwiY2F0ZWdvcnlfaWQiOjMsImNvdmVyX3BpYyI6IjE1MzY2NTkxOTcuNzIzMTIyMS53ZWJwIiwibmFtZSI6Ilx1ODNkY1x1NWZjMyIsInByaWNlIjo2LjAsInN0YXR1cyI6MSwiY3JlYXRlX2F0IjoiMjAxOC0wOS0xMSAwOTo0NjozNyIsInVwZGF0ZV9hdCI6IjIwMTgtMDktMTEgMDk6NDY6MzcifSwiMTIiOnsiaWQiOjEyLCJzaG9wX2lkIjoxLCJjYXRlZ29yeV9pZCI6MywiY292ZXJfcGljIjoiMTUzNjY1OTI1My44ODQyNzE2LndlYnAiLCJuYW1lIjoiXHU1MzU1XHU0ZWZkXHU5OTk5XHU4ZmEzXHU3YjBiXHU1ZTcyXHU3MGU3XHU4MDg5IiwicHJpY2UiOjE1LjAsInN0YXR1cyI6MSwiY3JlYXRlX2F0IjoiMjAxOC0wOS0xMSAwOTo0NzozMyIsInVwZGF0ZV9hdCI6IjIwMTgtMDktMTEgMDk6NDc6MzMifSwiMTMiOnsiaWQiOjEzLCJzaG9wX2lkIjoxLCJjYXRlZ29yeV9pZCI6NCwiY292ZXJfcGljIjoiMTUzNjY1OTMxMS44Njk5NDkzLndlYnAiLCJuYW1lIjoiXHU3NTZhXHU4MzA0XHU4NmNiXHU4MmIxXHU2YzY0IiwicHJpY2UiOjQuMCwic3RhdHVzIjoxLCJjcmVhdGVfYXQiOiIyMDE4LTA5LTExIDA5OjQ4OjMxIiwidXBkYXRlX2F0IjoiMjAxOC0wOS0xMSAwOTo0ODozMSJ9LCIxNCI6eyJpZCI6MTQsInNob3BfaWQiOjEsImNhdGVnb3J5X2lkIjo0LCJjb3Zlcl9waWMiOiIxNTM2NjU5MzY0Ljc4OTI1MTMud2VicCIsIm5hbWUiOiJcdTczOGJcdTgwMDFcdTU0MDkiLCJwcmljZSI6Ni4wLCJzdGF0dXMiOjEsImNyZWF0ZV9hdCI6IjIwMTgtMDktMTEgMDk6NDk6MjQiLCJ1cGRhdGVfYXQiOiIyMDE4LTA5LTExIDA5OjQ5OjI0In0sIjE1Ijp7ImlkIjoxNSwic2hvcF9pZCI6MSwiY2F0ZWdvcnlfaWQiOjQsImNvdmVyX3BpYyI6IjE1MzY2NTk1NjMuMzg5NzY0OC53ZWJwIiwibmFtZSI6Ilx1Njc5Y1x1N2M5Mlx1NmE1OSIsInByaWNlIjo1LjAsInN0YXR1cyI6MSwiY3JlYXRlX2F0IjoiMjAxOC0wOS0xMSAwOTo1Mjo0MyIsInVwZGF0ZV9hdCI6IjIwMTgtMDktMTEgMDk6NTI6NDMifSwiMTYiOnsiaWQiOjE2LCJzaG9wX2lkIjoxLCJjYXRlZ29yeV9pZCI6NCwiY292ZXJfcGljIjoiMTUzNjY1OTYwNS41NTYxNzcxLndlYnAiLCJuYW1lIjoiXHU3N2ZmXHU2Y2M5XHU2YzM0IiwicHJpY2UiOjMuMCwic3RhdHVzIjoxLCJjcmVhdGVfYXQiOiIyMDE4LTA5LTExIDA5OjUzOjI1IiwidXBkYXRlX2F0IjoiMjAxOC0wOS0xMSAwOTo1MzoyNSJ9LCIxNyI6eyJpZCI6MTcsInNob3BfaWQiOjEsImNhdGVnb3J5X2lkIjo0LCJjb3Zlcl9waWMiOiIxNTM2NjU5Njg4LjQ4NTYxNTcud2VicCIsIm5hbWUiOiJcdTRlNGNcdTY4ODVcdTZjNDEiLCJwcmljZSI6NC4wLCJzdGF0dXMiOjEsImNyZWF0ZV9hdCI6IjIwMTgtMDktMTEgMDk6NTQ6NDgiLCJ1cGRhdGVfYXQiOiIyMDE4LTA5LTExIDA5OjU0OjQ4In19LCJ0b3RhbF9tb25leSI6MCwiY2FydGxpc3QiOnt9LCJhZG1pbnVzZXIiOnsiaWQiOjEsInVzZXJuYW1lIjoiemhhbmdzYW4iLCJuaWNrbmFtZSI6Ilx1NWYyMFx1NGUwOSIsInBhc3N3b3JkX2hhc2giOiIxZTE5MWQ4NTFiM2I0OWEyNDhmNGVhNjJmNmIwNjQxMCIsInBhc3N3b3JkX3NhbHQiOiIxMjM0NTYiLCJzdGF0dXMiOjEsImNyZWF0ZV9hdCI6IjIwMTgtMDgtMDggMTg6MTg6MTgiLCJ1cGRhdGVfYXQiOiIyMDE4LTA5LTA3IDA4OjA2OjU1In19','2018-10-26 22:53:02.132860'),('2j9ytbmvt9i1ereud09yb5achyj2laee','NGM0Y2E0ZGJjN2E1Y2VhMTk1N2ViMWY1ODlkODNhNjBmOGQ2OTEzYjp7InZlcmlmeWNvZGUiOiI0NzU5Iiwid2VidXNlciI6eyJpZCI6MSwidXNlcm5hbWUiOiJ6aGFuZ3NhbiIsIm5pY2tuYW1lIjoiXHU1ZjIwXHU0ZTA5IiwicGFzc3dvcmRfaGFzaCI6IjFlMTkxZDg1MWIzYjQ5YTI0OGY0ZWE2MmY2YjA2NDEwIiwicGFzc3dvcmRfc2FsdCI6IjEyMzQ1NiIsInN0YXR1cyI6MSwiY3JlYXRlX2F0IjoiMjAxOC0wOC0wOCAxODoxODoxOCIsInVwZGF0ZV9hdCI6IjIwMTgtMDktMDcgMDg6MDY6NTUifSwic2hvcGluZm8iOnsiaWQiOjEsIm5hbWUiOiJcdTc1MzBcdTgwMDFcdTVlMDhcdTdlYTJcdTcwZTdcdTgwODkiLCJzaG9wIjoiXHU2NzFkXHU5NjMzXHU1YzA2XHU1M2YwXHU4ZGVmXHU1ZTk3IiwiY292ZXJfcGljIjoiMTIzNDEyMzQuanBnIiwiYmFubmVyX3BpYyI6ImxnLmpwZyIsImFkZHJlc3MiOiJcdTUzMTdcdTRlYWNcdTVlMDJcdTY3MWRcdTk2MzNcdTUzM2FcdTVjMDZcdTUzZjBcdTRlNjFcdTRlMWNcdTUxNmJcdTk1ZjRcdTYyM2ZcdTY3NTFcdTg5N2ZcdTRlMzQ4XHU1M2Y3IiwicGhvbmUiOiIxMjM0NTY3ODkwNSIsInN0YXR1cyI6MSwiY3JlYXRlX2F0IjoiMjAxOC0wOC0yMCAxMDoxMjozNCIsInVwZGF0ZV9hdCI6IjIwMTgtMDktMDIgMTI6MzQ6NTYifSwidG90YWxfbW9uZXkiOjkzLjAsImNhcnRsaXN0Ijp7IjEiOnsiaWQiOjEsInNob3BfaWQiOjEsImNhdGVnb3J5X2lkIjoxLCJjb3Zlcl9waWMiOiIxNTQxMjA3ODQ5LjIyNTg5Mi5qcGVnIiwibmFtZSI6Ilx1N2VhMlx1NzBlN1x1ODA4OStcdTcyZWVcdTViNTBcdTU5MzQrXHU5OTZlXHU2NTk5IiwicHJpY2UiOjI1LjAsInN0YXR1cyI6MSwiY3JlYXRlX2F0IjoiMjAxOC0wOS0xMSAwOToyMDoyMCIsInVwZGF0ZV9hdCI6IjIwMTgtMTEtMDMgMDE6MTc6MjkiLCJudW0iOjJ9LCI2Ijp7ImlkIjo2LCJzaG9wX2lkIjoxLCJjYXRlZ29yeV9pZCI6MiwiY292ZXJfcGljIjoiMTU0MTIwNzgwNi42NjY2NDkuanBlZyIsIm5hbWUiOiJcdTY3MjhcdTk4N2JcdTgwODlcdTk5NmQiLCJwcmljZSI6MTYuMCwic3RhdHVzIjoxLCJjcmVhdGVfYXQiOiIyMDE4LTA5LTExIDA5OjQwOjI0IiwidXBkYXRlX2F0IjoiMjAxOC0xMS0wMyAwMToxNjo0NiIsIm51bSI6MX0sIjE1Ijp7ImlkIjoxNSwic2hvcF9pZCI6MSwiY2F0ZWdvcnlfaWQiOjQsImNvdmVyX3BpYyI6IjE1NDEyMDc1MTYuMDkzOTIuanBlZyIsIm5hbWUiOiJcdTY3OWNcdTdjOTJcdTZhNTkiLCJwcmljZSI6NS4wLCJzdGF0dXMiOjEsImNyZWF0ZV9hdCI6IjIwMTgtMDktMTEgMDk6NTI6NDMiLCJ1cGRhdGVfYXQiOiIyMDE4LTExLTAzIDAxOjExOjU2IiwibnVtIjoxfSwiMiI6eyJpZCI6Miwic2hvcF9pZCI6MSwiY2F0ZWdvcnlfaWQiOjEsImNvdmVyX3BpYyI6IjE1NDEyMDc3MzcuMDIyOTIzLmpwZWciLCJuYW1lIjoiXHU3ZWEyXHU3MGU3XHU4MDg5K1x1NzU2YVx1ODMwNFx1OWUyMVx1ODZjYiIsInByaWNlIjoyMi4wLCJzdGF0dXMiOjEsImNyZWF0ZV9hdCI6IjIwMTgtMDktMTEgMDk6MzI6MzIiLCJ1cGRhdGVfYXQiOiIyMDE4LTExLTAzIDAxOjE1OjM3IiwibnVtIjoxfX0sImFkbWludXNlciI6eyJpZCI6MSwidXNlcm5hbWUiOiJ6aGFuZ3NhbiIsIm5pY2tuYW1lIjoiXHU1ZjIwXHU0ZTA5IiwicGFzc3dvcmRfaGFzaCI6IjFlMTkxZDg1MWIzYjQ5YTI0OGY0ZWE2MmY2YjA2NDEwIiwicGFzc3dvcmRfc2FsdCI6IjEyMzQ1NiIsInN0YXR1cyI6MSwiY3JlYXRlX2F0IjoiMjAxOC0wOC0wOCAxODoxODoxOCIsInVwZGF0ZV9hdCI6IjIwMTgtMDktMDcgMDg6MDY6NTUifSwibWVtYmVyX3VzZXIiOnsiaWQiOjUsIm5pY2tuYW1lIjoiXHU5ODdlXHU1YmEyIiwiYXZhdGFyIjoibW9yZW4ucG5nIiwibW9iaWxlIjoiMTIzNDU2Nzg5MDEiLCJzdGF0dXMiOjEsImNyZWF0ZV9hdCI6IjIwMTgtMTEtMDQgMDI6NTY6MTIiLCJ1cGRhdGVfYXQiOiIyMDE4LTExLTA0IDAyOjU2OjEyIn19','2019-04-04 08:13:22.977852'),('2kxvuyja2aecz83std01jnjfk1kacdv3','YWJjZmZjZDY5OGRlMWZhMzBhMzljMmY5MDczMjBlYjVhZTI4OTYxNTp7Im1lbWJlcl91c2VyIjp7ImlkIjoxMCwibmlja25hbWUiOiJcdTk4N2VcdTViYTIiLCJhdmF0YXIiOiJtb3Jlbi5wbmciLCJtb2JpbGUiOiIxMjM0NTY3ODkwNiIsInN0YXR1cyI6MSwiY3JlYXRlX2F0IjoiMjAxOC0xMS0wNCAwMzozNDo0MyIsInVwZGF0ZV9hdCI6IjIwMTgtMTEtMDQgMDM6MzQ6NDMifSwic2hvcGluZm8iOnsiaWQiOjEsIm5hbWUiOiJcdTc1MzBcdTgwMDFcdTVlMDhcdTdlYTJcdTcwZTdcdTgwODkiLCJzaG9wIjoiXHU2NzFkXHU5NjMzXHU1YzA2XHU1M2YwXHU4ZGVmXHU1ZTk3IiwiY292ZXJfcGljIjoiMTIzNDEyMzQuanBnIiwiYmFubmVyX3BpYyI6ImxnLmpwZyIsImFkZHJlc3MiOiJcdTUzMTdcdTRlYWNcdTVlMDJcdTY3MWRcdTk2MzNcdTUzM2FcdTVjMDZcdTUzZjBcdTRlNjFcdTRlMWNcdTUxNmJcdTk1ZjRcdTYyM2ZcdTY3NTFcdTg5N2ZcdTRlMzQ4XHU1M2Y3IiwicGhvbmUiOiIxMjM0NTY3ODkwNSIsInN0YXR1cyI6MSwiY3JlYXRlX2F0IjoiMjAxOC0wOC0yMCAxMDoxMjozNCIsInVwZGF0ZV9hdCI6IjIwMTgtMDktMDIgMTI6MzQ6NTYifX0=','2018-11-19 01:26:53.562201'),('6jcrigiv4e59k9olyikpvdclppdwj6se','YWQ1YWYyZDM0Y2QwOGE0ZTIyYWViN2NhNjBjYTkzNGU2ZDJmYjE3ZDp7InZlcmlmeWNvZGUiOiIyNjA2IiwiYWRtaW51c2VyIjp7ImlkIjoxLCJ1c2VybmFtZSI6InpoYW5nc2FuIiwibmlja25hbWUiOiJcdTVmMjBcdTRlMDkiLCJwYXNzd29yZF9oYXNoIjoiMWUxOTFkODUxYjNiNDlhMjQ4ZjRlYTYyZjZiMDY0MTAiLCJwYXNzd29yZF9zYWx0IjoiMTIzNDU2Iiwic3RhdHVzIjoxLCJjcmVhdGVfYXQiOiIyMDE4LTA4LTA4IDE4OjE4OjE4IiwidXBkYXRlX2F0IjoiMjAxOC0wOS0wNyAwODowNjo1NSJ9LCJ3ZWJ1c2VyIjp7ImlkIjoxLCJ1c2VybmFtZSI6InpoYW5nc2FuIiwibmlja25hbWUiOiJcdTVmMjBcdTRlMDkiLCJwYXNzd29yZF9oYXNoIjoiMWUxOTFkODUxYjNiNDlhMjQ4ZjRlYTYyZjZiMDY0MTAiLCJwYXNzd29yZF9zYWx0IjoiMTIzNDU2Iiwic3RhdHVzIjoxLCJjcmVhdGVfYXQiOiIyMDE4LTA4LTA4IDE4OjE4OjE4IiwidXBkYXRlX2F0IjoiMjAxOC0wOS0wNyAwODowNjo1NSJ9LCJzaG9waW5mbyI6eyJpZCI6MSwibmFtZSI6Ilx1NzUzMFx1ODAwMVx1NWUwOFx1N2VhMlx1NzBlN1x1ODA4OSIsInNob3AiOiJcdTY3MWRcdTk2MzNcdTVjMDZcdTUzZjBcdThkZWZcdTVlOTciLCJjb3Zlcl9waWMiOiIxMjM0MTIzNC5qcGciLCJiYW5uZXJfcGljIjoibGcuanBnIiwiYWRkcmVzcyI6Ilx1NTMxN1x1NGVhY1x1NWUwMlx1NjcxZFx1OTYzM1x1NTMzYVx1NWMwNlx1NTNmMFx1NGU2MVx1NGUxY1x1NTE2Ylx1OTVmNFx1NjIzZlx1Njc1MVx1ODk3Zlx1NGUzNDhcdTUzZjciLCJwaG9uZSI6IjEyMzQ1Njc4OTA1Iiwic3RhdHVzIjoxLCJjcmVhdGVfYXQiOiIyMDE4LTA4LTIwIDEwOjEyOjM0IiwidXBkYXRlX2F0IjoiMjAxOC0wOS0wMiAxMjozNDo1NiJ9LCJjYXRlZ29yeWlkcyI6WzEsMiwzLDRdLCJjYXRlZ29yeWxpc3QiOnsiMSI6eyJpZCI6MSwibmFtZSI6Ilx1NTNjY1x1NjJmY1x1NTk1N1x1OTkxMCIsInBpZHMiOlt7ImlkIjoxLCJzaG9wX2lkIjoxLCJjYXRlZ29yeV9pZCI6MSwiY292ZXJfcGljIjoiMTUzNjY1NzYyMC41NDg1NzA0LndlYnAiLCJuYW1lIjoiXHU3ZWEyXHU3MGU3XHU4MDg5K1x1NzJlZVx1NWI1MFx1NTkzNCtcdTk5NmVcdTY1OTkiLCJwcmljZSI6MjUuMCwic3RhdHVzIjoxLCJjcmVhdGVfYXQiOiIyMDE4LTA5LTExIDA5OjIwOjIwIiwidXBkYXRlX2F0IjoiMjAxOC0wOS0xMSAwOTozMDoyNSJ9LHsiaWQiOjIsInNob3BfaWQiOjEsImNhdGVnb3J5X2lkIjoxLCJjb3Zlcl9waWMiOiIxNTM2NjU4MzUyLjkzNDE1NTcud2VicCIsIm5hbWUiOiJcdTdlYTJcdTcwZTdcdTgwODkrXHU3NTZhXHU4MzA0XHU5ZTIxXHU4NmNiIiwicHJpY2UiOjIyLjAsInN0YXR1cyI6MSwiY3JlYXRlX2F0IjoiMjAxOC0wOS0xMSAwOTozMjozMiIsInVwZGF0ZV9hdCI6IjIwMTgtMDktMTEgMDk6MzI6MzIifSx7ImlkIjozLCJzaG9wX2lkIjoxLCJjYXRlZ29yeV9pZCI6MSwiY292ZXJfcGljIjoiMTUzNjY1ODQxNS42ODM4MDAyLndlYnAiLCJuYW1lIjoiXHU2ODg1XHU4M2RjXHU2MjYzXHU4MDg5K1x1NzU2YVx1ODMwNFx1OWUyMVx1ODZjYiIsInByaWNlIjoyMi4wLCJzdGF0dXMiOjEsImNyZWF0ZV9hdCI6IjIwMTgtMDktMTEgMDk6MzM6MzUiLCJ1cGRhdGVfYXQiOiIyMDE4LTA5LTExIDA5OjMzOjM1In0seyJpZCI6NCwic2hvcF9pZCI6MSwiY2F0ZWdvcnlfaWQiOjEsImNvdmVyX3BpYyI6IjE1MzY2NTg1NzQuMjg0NzM3My53ZWJwIiwibmFtZSI6Ilx1ODBhNVx1NzI1YitcdTc1NmFcdTgzMDRcdTllMjFcdTg2Y2IiLCJwcmljZSI6MjIuMCwic3RhdHVzIjoxLCJjcmVhdGVfYXQiOiIyMDE4LTA5LTExIDA5OjM2OjE0IiwidXBkYXRlX2F0IjoiMjAxOC0wOS0xMSAwOTozNjoxNCJ9XX0sIjIiOnsiaWQiOjIsIm5hbWUiOiJcdTc2ZDZcdTk5NmQiLCJwaWRzIjpbeyJpZCI6NSwic2hvcF9pZCI6MSwiY2F0ZWdvcnlfaWQiOjIsImNvdmVyX3BpYyI6IjE1MzY2NTg2NTkuMDQ0Njk5Mi53ZWJwIiwibmFtZSI6Ilx1Njg4NVx1ODNkY1x1NjI2M1x1ODA4OVx1OTk2ZCIsInByaWNlIjoxOS4wLCJzdGF0dXMiOjEsImNyZWF0ZV9hdCI6IjIwMTgtMDktMTEgMDk6Mzc6MzkiLCJ1cGRhdGVfYXQiOiIyMDE4LTA5LTExIDA5OjM3OjM5In0seyJpZCI6Niwic2hvcF9pZCI6MSwiY2F0ZWdvcnlfaWQiOjIsImNvdmVyX3BpYyI6IjE1MzY2NTg4MjQuMzk3NjUwNS53ZWJwIiwibmFtZSI6Ilx1NjcyOFx1OTg3Ylx1ODA4OVx1OTk2ZCIsInByaWNlIjoxNi4wLCJzdGF0dXMiOjEsImNyZWF0ZV9hdCI6IjIwMTgtMDktMTEgMDk6NDA6MjQiLCJ1cGRhdGVfYXQiOiIyMDE4LTA5LTExIDA5OjQwOjI0In0seyJpZCI6Nywic2hvcF9pZCI6MSwiY2F0ZWdvcnlfaWQiOjIsImNvdmVyX3BpYyI6IjE1MzY2NTg4NjMuNjczMjg1NS53ZWJwIiwibmFtZSI6Ilx1ODBhNVx1NzI1Ylx1OTk2ZCIsInByaWNlIjoxOS4wLCJzdGF0dXMiOjEsImNyZWF0ZV9hdCI6IjIwMTgtMDktMTEgMDk6NDE6MDMiLCJ1cGRhdGVfYXQiOiIyMDE4LTA5LTExIDA5OjQxOjAzIn0seyJpZCI6OCwic2hvcF9pZCI6MSwiY2F0ZWdvcnlfaWQiOjIsImNvdmVyX3BpYyI6IjE1MzY2NTg5NjAuMzk1NDEzNC53ZWJwIiwibmFtZSI6Ilx1NjVlMFx1OWFhOFx1NTQ5Nlx1NTViMVx1OWUyMVx1OTk2ZCIsInByaWNlIjoxOC4wLCJzdGF0dXMiOjEsImNyZWF0ZV9hdCI6IjIwMTgtMDktMTEgMDk6NDI6NDAiLCJ1cGRhdGVfYXQiOiIyMDE4LTA5LTExIDA5OjQyOjQwIn1dfSwiMyI6eyJpZCI6MywibmFtZSI6Ilx1NWMwZlx1ODNkYyIsInBpZHMiOlt7ImlkIjo5LCJzaG9wX2lkIjoxLCJjYXRlZ29yeV9pZCI6MywiY292ZXJfcGljIjoiMTUzNjY1OTA2NS43OTcyNjM2LndlYnAiLCJuYW1lIjoiXHU1MzU1XHU0ZWZkXHU3NTZhXHU4MzA0XHU5ZTIxXHU4NmNiIiwicHJpY2UiOjguMCwic3RhdHVzIjoxLCJjcmVhdGVfYXQiOiIyMDE4LTA5LTExIDA5OjQ0OjI1IiwidXBkYXRlX2F0IjoiMjAxOC0wOS0xMSAwOTo0NDoyNSJ9LHsiaWQiOjEwLCJzaG9wX2lkIjoxLCJjYXRlZ29yeV9pZCI6MywiY292ZXJfcGljIjoiMTUzNjY1OTExNC4wNDQwMjM1LndlYnAiLCJuYW1lIjoiXHU1MzU1XHU0ZWZkXHU2NzI4XHU5ODdiXHU4MDg5IiwicHJpY2UiOjguMCwic3RhdHVzIjoxLCJjcmVhdGVfYXQiOiIyMDE4LTA5LTExIDA5OjQ1OjE0IiwidXBkYXRlX2F0IjoiMjAxOC0wOS0xMSAwOTo0NToxNCJ9LHsiaWQiOjExLCJzaG9wX2lkIjoxLCJjYXRlZ29yeV9pZCI6MywiY292ZXJfcGljIjoiMTUzNjY1OTE5Ny43MjMxMjIxLndlYnAiLCJuYW1lIjoiXHU4M2RjXHU1ZmMzIiwicHJpY2UiOjYuMCwic3RhdHVzIjoxLCJjcmVhdGVfYXQiOiIyMDE4LTA5LTExIDA5OjQ2OjM3IiwidXBkYXRlX2F0IjoiMjAxOC0wOS0xMSAwOTo0NjozNyJ9LHsiaWQiOjEyLCJzaG9wX2lkIjoxLCJjYXRlZ29yeV9pZCI6MywiY292ZXJfcGljIjoiMTUzNjY1OTI1My44ODQyNzE2LndlYnAiLCJuYW1lIjoiXHU1MzU1XHU0ZWZkXHU5OTk5XHU4ZmEzXHU3YjBiXHU1ZTcyXHU3MGU3XHU4MDg5IiwicHJpY2UiOjE1LjAsInN0YXR1cyI6MSwiY3JlYXRlX2F0IjoiMjAxOC0wOS0xMSAwOTo0NzozMyIsInVwZGF0ZV9hdCI6IjIwMTgtMDktMTEgMDk6NDc6MzMifV19LCI0Ijp7ImlkIjo0LCJuYW1lIjoiXHU2YzY0L1x1OTk2ZVx1NjU5OSIsInBpZHMiOlt7ImlkIjoxMywic2hvcF9pZCI6MSwiY2F0ZWdvcnlfaWQiOjQsImNvdmVyX3BpYyI6IjE1MzY2NTkzMTEuODY5OTQ5My53ZWJwIiwibmFtZSI6Ilx1NzU2YVx1ODMwNFx1ODZjYlx1ODJiMVx1NmM2NCIsInByaWNlIjo0LjAsInN0YXR1cyI6MSwiY3JlYXRlX2F0IjoiMjAxOC0wOS0xMSAwOTo0ODozMSIsInVwZGF0ZV9hdCI6IjIwMTgtMDktMTEgMDk6NDg6MzEifSx7ImlkIjoxNCwic2hvcF9pZCI6MSwiY2F0ZWdvcnlfaWQiOjQsImNvdmVyX3BpYyI6IjE1MzY2NTkzNjQuNzg5MjUxMy53ZWJwIiwibmFtZSI6Ilx1NzM4Ylx1ODAwMVx1NTQwOSIsInByaWNlIjo2LjAsInN0YXR1cyI6MSwiY3JlYXRlX2F0IjoiMjAxOC0wOS0xMSAwOTo0OToyNCIsInVwZGF0ZV9hdCI6IjIwMTgtMDktMTEgMDk6NDk6MjQifSx7ImlkIjoxNSwic2hvcF9pZCI6MSwiY2F0ZWdvcnlfaWQiOjQsImNvdmVyX3BpYyI6IjE1MzY2NTk1NjMuMzg5NzY0OC53ZWJwIiwibmFtZSI6Ilx1Njc5Y1x1N2M5Mlx1NmE1OSIsInByaWNlIjo1LjAsInN0YXR1cyI6MSwiY3JlYXRlX2F0IjoiMjAxOC0wOS0xMSAwOTo1Mjo0MyIsInVwZGF0ZV9hdCI6IjIwMTgtMDktMTEgMDk6NTI6NDMifSx7ImlkIjoxNiwic2hvcF9pZCI6MSwiY2F0ZWdvcnlfaWQiOjQsImNvdmVyX3BpYyI6IjE1MzY2NTk2MDUuNTU2MTc3MS53ZWJwIiwibmFtZSI6Ilx1NzdmZlx1NmNjOVx1NmMzNCIsInByaWNlIjozLjAsInN0YXR1cyI6MSwiY3JlYXRlX2F0IjoiMjAxOC0wOS0xMSAwOTo1MzoyNSIsInVwZGF0ZV9hdCI6IjIwMTgtMDktMTEgMDk6NTM6MjUifSx7ImlkIjoxNywic2hvcF9pZCI6MSwiY2F0ZWdvcnlfaWQiOjQsImNvdmVyX3BpYyI6IjE1MzY2NTk2ODguNDg1NjE1Ny53ZWJwIiwibmFtZSI6Ilx1NGU0Y1x1Njg4NVx1NmM0MSIsInByaWNlIjo0LjAsInN0YXR1cyI6MSwiY3JlYXRlX2F0IjoiMjAxOC0wOS0xMSAwOTo1NDo0OCIsInVwZGF0ZV9hdCI6IjIwMTgtMDktMTEgMDk6NTQ6NDgifV19fSwicHJvZHVjdGxpc3QiOnsiMSI6eyJpZCI6MSwic2hvcF9pZCI6MSwiY2F0ZWdvcnlfaWQiOjEsImNvdmVyX3BpYyI6IjE1MzY2NTc2MjAuNTQ4NTcwNC53ZWJwIiwibmFtZSI6Ilx1N2VhMlx1NzBlN1x1ODA4OStcdTcyZWVcdTViNTBcdTU5MzQrXHU5OTZlXHU2NTk5IiwicHJpY2UiOjI1LjAsInN0YXR1cyI6MSwiY3JlYXRlX2F0IjoiMjAxOC0wOS0xMSAwOToyMDoyMCIsInVwZGF0ZV9hdCI6IjIwMTgtMDktMTEgMDk6MzA6MjUifSwiMiI6eyJpZCI6Miwic2hvcF9pZCI6MSwiY2F0ZWdvcnlfaWQiOjEsImNvdmVyX3BpYyI6IjE1MzY2NTgzNTIuOTM0MTU1Ny53ZWJwIiwibmFtZSI6Ilx1N2VhMlx1NzBlN1x1ODA4OStcdTc1NmFcdTgzMDRcdTllMjFcdTg2Y2IiLCJwcmljZSI6MjIuMCwic3RhdHVzIjoxLCJjcmVhdGVfYXQiOiIyMDE4LTA5LTExIDA5OjMyOjMyIiwidXBkYXRlX2F0IjoiMjAxOC0wOS0xMSAwOTozMjozMiJ9LCIzIjp7ImlkIjozLCJzaG9wX2lkIjoxLCJjYXRlZ29yeV9pZCI6MSwiY292ZXJfcGljIjoiMTUzNjY1ODQxNS42ODM4MDAyLndlYnAiLCJuYW1lIjoiXHU2ODg1XHU4M2RjXHU2MjYzXHU4MDg5K1x1NzU2YVx1ODMwNFx1OWUyMVx1ODZjYiIsInByaWNlIjoyMi4wLCJzdGF0dXMiOjEsImNyZWF0ZV9hdCI6IjIwMTgtMDktMTEgMDk6MzM6MzUiLCJ1cGRhdGVfYXQiOiIyMDE4LTA5LTExIDA5OjMzOjM1In0sIjQiOnsiaWQiOjQsInNob3BfaWQiOjEsImNhdGVnb3J5X2lkIjoxLCJjb3Zlcl9waWMiOiIxNTM2NjU4NTc0LjI4NDczNzMud2VicCIsIm5hbWUiOiJcdTgwYTVcdTcyNWIrXHU3NTZhXHU4MzA0XHU5ZTIxXHU4NmNiIiwicHJpY2UiOjIyLjAsInN0YXR1cyI6MSwiY3JlYXRlX2F0IjoiMjAxOC0wOS0xMSAwOTozNjoxNCIsInVwZGF0ZV9hdCI6IjIwMTgtMDktMTEgMDk6MzY6MTQifSwiNSI6eyJpZCI6NSwic2hvcF9pZCI6MSwiY2F0ZWdvcnlfaWQiOjIsImNvdmVyX3BpYyI6IjE1MzY2NTg2NTkuMDQ0Njk5Mi53ZWJwIiwibmFtZSI6Ilx1Njg4NVx1ODNkY1x1NjI2M1x1ODA4OVx1OTk2ZCIsInByaWNlIjoxOS4wLCJzdGF0dXMiOjEsImNyZWF0ZV9hdCI6IjIwMTgtMDktMTEgMDk6Mzc6MzkiLCJ1cGRhdGVfYXQiOiIyMDE4LTA5LTExIDA5OjM3OjM5In0sIjYiOnsiaWQiOjYsInNob3BfaWQiOjEsImNhdGVnb3J5X2lkIjoyLCJjb3Zlcl9waWMiOiIxNTM2NjU4ODI0LjM5NzY1MDUud2VicCIsIm5hbWUiOiJcdTY3MjhcdTk4N2JcdTgwODlcdTk5NmQiLCJwcmljZSI6MTYuMCwic3RhdHVzIjoxLCJjcmVhdGVfYXQiOiIyMDE4LTA5LTExIDA5OjQwOjI0IiwidXBkYXRlX2F0IjoiMjAxOC0wOS0xMSAwOTo0MDoyNCJ9LCI3Ijp7ImlkIjo3LCJzaG9wX2lkIjoxLCJjYXRlZ29yeV9pZCI6MiwiY292ZXJfcGljIjoiMTUzNjY1ODg2My42NzMyODU1LndlYnAiLCJuYW1lIjoiXHU4MGE1XHU3MjViXHU5OTZkIiwicHJpY2UiOjE5LjAsInN0YXR1cyI6MSwiY3JlYXRlX2F0IjoiMjAxOC0wOS0xMSAwOTo0MTowMyIsInVwZGF0ZV9hdCI6IjIwMTgtMDktMTEgMDk6NDE6MDMifSwiOCI6eyJpZCI6OCwic2hvcF9pZCI6MSwiY2F0ZWdvcnlfaWQiOjIsImNvdmVyX3BpYyI6IjE1MzY2NTg5NjAuMzk1NDEzNC53ZWJwIiwibmFtZSI6Ilx1NjVlMFx1OWFhOFx1NTQ5Nlx1NTViMVx1OWUyMVx1OTk2ZCIsInByaWNlIjoxOC4wLCJzdGF0dXMiOjEsImNyZWF0ZV9hdCI6IjIwMTgtMDktMTEgMDk6NDI6NDAiLCJ1cGRhdGVfYXQiOiIyMDE4LTA5LTExIDA5OjQyOjQwIn0sIjkiOnsiaWQiOjksInNob3BfaWQiOjEsImNhdGVnb3J5X2lkIjozLCJjb3Zlcl9waWMiOiIxNTM2NjU5MDY1Ljc5NzI2MzYud2VicCIsIm5hbWUiOiJcdTUzNTVcdTRlZmRcdTc1NmFcdTgzMDRcdTllMjFcdTg2Y2IiLCJwcmljZSI6OC4wLCJzdGF0dXMiOjEsImNyZWF0ZV9hdCI6IjIwMTgtMDktMTEgMDk6NDQ6MjUiLCJ1cGRhdGVfYXQiOiIyMDE4LTA5LTExIDA5OjQ0OjI1In0sIjEwIjp7ImlkIjoxMCwic2hvcF9pZCI6MSwiY2F0ZWdvcnlfaWQiOjMsImNvdmVyX3BpYyI6IjE1MzY2NTkxMTQuMDQ0MDIzNS53ZWJwIiwibmFtZSI6Ilx1NTM1NVx1NGVmZFx1NjcyOFx1OTg3Ylx1ODA4OSIsInByaWNlIjo4LjAsInN0YXR1cyI6MSwiY3JlYXRlX2F0IjoiMjAxOC0wOS0xMSAwOTo0NToxNCIsInVwZGF0ZV9hdCI6IjIwMTgtMDktMTEgMDk6NDU6MTQifSwiMTEiOnsiaWQiOjExLCJzaG9wX2lkIjoxLCJjYXRlZ29yeV9pZCI6MywiY292ZXJfcGljIjoiMTUzNjY1OTE5Ny43MjMxMjIxLndlYnAiLCJuYW1lIjoiXHU4M2RjXHU1ZmMzIiwicHJpY2UiOjYuMCwic3RhdHVzIjoxLCJjcmVhdGVfYXQiOiIyMDE4LTA5LTExIDA5OjQ2OjM3IiwidXBkYXRlX2F0IjoiMjAxOC0wOS0xMSAwOTo0NjozNyJ9LCIxMiI6eyJpZCI6MTIsInNob3BfaWQiOjEsImNhdGVnb3J5X2lkIjozLCJjb3Zlcl9waWMiOiIxNTM2NjU5MjUzLjg4NDI3MTYud2VicCIsIm5hbWUiOiJcdTUzNTVcdTRlZmRcdTk5OTlcdThmYTNcdTdiMGJcdTVlNzJcdTcwZTdcdTgwODkiLCJwcmljZSI6MTUuMCwic3RhdHVzIjoxLCJjcmVhdGVfYXQiOiIyMDE4LTA5LTExIDA5OjQ3OjMzIiwidXBkYXRlX2F0IjoiMjAxOC0wOS0xMSAwOTo0NzozMyJ9LCIxMyI6eyJpZCI6MTMsInNob3BfaWQiOjEsImNhdGVnb3J5X2lkIjo0LCJjb3Zlcl9waWMiOiIxNTM2NjU5MzExLjg2OTk0OTMud2VicCIsIm5hbWUiOiJcdTc1NmFcdTgzMDRcdTg2Y2JcdTgyYjFcdTZjNjQiLCJwcmljZSI6NC4wLCJzdGF0dXMiOjEsImNyZWF0ZV9hdCI6IjIwMTgtMDktMTEgMDk6NDg6MzEiLCJ1cGRhdGVfYXQiOiIyMDE4LTA5LTExIDA5OjQ4OjMxIn0sIjE0Ijp7ImlkIjoxNCwic2hvcF9pZCI6MSwiY2F0ZWdvcnlfaWQiOjQsImNvdmVyX3BpYyI6IjE1MzY2NTkzNjQuNzg5MjUxMy53ZWJwIiwibmFtZSI6Ilx1NzM4Ylx1ODAwMVx1NTQwOSIsInByaWNlIjo2LjAsInN0YXR1cyI6MSwiY3JlYXRlX2F0IjoiMjAxOC0wOS0xMSAwOTo0OToyNCIsInVwZGF0ZV9hdCI6IjIwMTgtMDktMTEgMDk6NDk6MjQifSwiMTUiOnsiaWQiOjE1LCJzaG9wX2lkIjoxLCJjYXRlZ29yeV9pZCI6NCwiY292ZXJfcGljIjoiMTUzNjY1OTU2My4zODk3NjQ4LndlYnAiLCJuYW1lIjoiXHU2NzljXHU3YzkyXHU2YTU5IiwicHJpY2UiOjUuMCwic3RhdHVzIjoxLCJjcmVhdGVfYXQiOiIyMDE4LTA5LTExIDA5OjUyOjQzIiwidXBkYXRlX2F0IjoiMjAxOC0wOS0xMSAwOTo1Mjo0MyJ9LCIxNiI6eyJpZCI6MTYsInNob3BfaWQiOjEsImNhdGVnb3J5X2lkIjo0LCJjb3Zlcl9waWMiOiIxNTM2NjU5NjA1LjU1NjE3NzEud2VicCIsIm5hbWUiOiJcdTc3ZmZcdTZjYzlcdTZjMzQiLCJwcmljZSI6My4wLCJzdGF0dXMiOjEsImNyZWF0ZV9hdCI6IjIwMTgtMDktMTEgMDk6NTM6MjUiLCJ1cGRhdGVfYXQiOiIyMDE4LTA5LTExIDA5OjUzOjI1In0sIjE3Ijp7ImlkIjoxNywic2hvcF9pZCI6MSwiY2F0ZWdvcnlfaWQiOjQsImNvdmVyX3BpYyI6IjE1MzY2NTk2ODguNDg1NjE1Ny53ZWJwIiwibmFtZSI6Ilx1NGU0Y1x1Njg4NVx1NmM0MSIsInByaWNlIjo0LjAsInN0YXR1cyI6MSwiY3JlYXRlX2F0IjoiMjAxOC0wOS0xMSAwOTo1NDo0OCIsInVwZGF0ZV9hdCI6IjIwMTgtMDktMTEgMDk6NTQ6NDgifX0sInRvdGFsX21vbmV5IjowfQ==','2018-10-27 04:01:44.422827'),('7ex5gxwjm7pancfun4me59dhmx264akd','ZTgwOGI1OTIxZTQzNGU0MGMyNjA1ODQ1ZTA0YjdhNjQzZGM1NWE4YTp7InZlcmlmeWNvZGUiOiI4MDMxIn0=','2018-10-28 06:18:49.614461'),('8g52qncgl12lyw47ipjwlc1lnfc1nho5','ODRkYzEyZjM4MWZlMWZlMGIyNmUyNmNkZWIwMzMxNzM0ZmJhMzUwYzp7InZlcmlmeWNvZGUiOiI0Nzk4Iiwid2VidXNlciI6eyJpZCI6MSwidXNlcm5hbWUiOiJ6aGFuZ3NhbiIsIm5pY2tuYW1lIjoiXHU1ZjIwXHU0ZTA5IiwicGFzc3dvcmRfaGFzaCI6IjFlMTkxZDg1MWIzYjQ5YTI0OGY0ZWE2MmY2YjA2NDEwIiwicGFzc3dvcmRfc2FsdCI6IjEyMzQ1NiIsInN0YXR1cyI6MSwiY3JlYXRlX2F0IjoiMjAxOC0wOC0wOCAxODoxODoxOCIsInVwZGF0ZV9hdCI6IjIwMTgtMDktMDcgMDg6MDY6NTUifSwic2hvcGluZm8iOnsiaWQiOjEsIm5hbWUiOiJcdTc1MzBcdTgwMDFcdTVlMDhcdTdlYTJcdTcwZTdcdTgwODkiLCJzaG9wIjoiXHU2NzFkXHU5NjMzXHU1YzA2XHU1M2YwXHU4ZGVmXHU1ZTk3IiwiY292ZXJfcGljIjoiMTIzNDEyMzQuanBnIiwiYmFubmVyX3BpYyI6ImxnLmpwZyIsImFkZHJlc3MiOiJcdTUzMTdcdTRlYWNcdTVlMDJcdTY3MWRcdTk2MzNcdTUzM2FcdTVjMDZcdTUzZjBcdTRlNjFcdTRlMWNcdTUxNmJcdTk1ZjRcdTYyM2ZcdTY3NTFcdTg5N2ZcdTRlMzQ4XHU1M2Y3IiwicGhvbmUiOiIxMjM0NTY3ODkwNSIsInN0YXR1cyI6MSwiY3JlYXRlX2F0IjoiMjAxOC0wOC0yMCAxMDoxMjozNCIsInVwZGF0ZV9hdCI6IjIwMTgtMDktMDIgMTI6MzQ6NTYifSwiY2F0ZWdvcnlpZHMiOlsxLDIsMyw0XSwiY2F0ZWdvcnlsaXN0Ijp7IjEiOnsiaWQiOjEsIm5hbWUiOiJcdTUzY2NcdTYyZmNcdTU5NTdcdTk5MTAiLCJwaWRzIjpbeyJpZCI6MSwic2hvcF9pZCI6MSwiY2F0ZWdvcnlfaWQiOjEsImNvdmVyX3BpYyI6IjE1MzY2NTc2MjAuNTQ4NTcwNC53ZWJwIiwibmFtZSI6Ilx1N2VhMlx1NzBlN1x1ODA4OStcdTcyZWVcdTViNTBcdTU5MzQrXHU5OTZlXHU2NTk5IiwicHJpY2UiOjI1LjAsInN0YXR1cyI6MSwiY3JlYXRlX2F0IjoiMjAxOC0wOS0xMSAwOToyMDoyMCIsInVwZGF0ZV9hdCI6IjIwMTgtMDktMTEgMDk6MzA6MjUifSx7ImlkIjoyLCJzaG9wX2lkIjoxLCJjYXRlZ29yeV9pZCI6MSwiY292ZXJfcGljIjoiMTUzNjY1ODM1Mi45MzQxNTU3LndlYnAiLCJuYW1lIjoiXHU3ZWEyXHU3MGU3XHU4MDg5K1x1NzU2YVx1ODMwNFx1OWUyMVx1ODZjYiIsInByaWNlIjoyMi4wLCJzdGF0dXMiOjEsImNyZWF0ZV9hdCI6IjIwMTgtMDktMTEgMDk6MzI6MzIiLCJ1cGRhdGVfYXQiOiIyMDE4LTA5LTExIDA5OjMyOjMyIn0seyJpZCI6Mywic2hvcF9pZCI6MSwiY2F0ZWdvcnlfaWQiOjEsImNvdmVyX3BpYyI6IjE1MzY2NTg0MTUuNjgzODAwMi53ZWJwIiwibmFtZSI6Ilx1Njg4NVx1ODNkY1x1NjI2M1x1ODA4OStcdTc1NmFcdTgzMDRcdTllMjFcdTg2Y2IiLCJwcmljZSI6MjIuMCwic3RhdHVzIjoxLCJjcmVhdGVfYXQiOiIyMDE4LTA5LTExIDA5OjMzOjM1IiwidXBkYXRlX2F0IjoiMjAxOC0wOS0xMSAwOTozMzozNSJ9LHsiaWQiOjQsInNob3BfaWQiOjEsImNhdGVnb3J5X2lkIjoxLCJjb3Zlcl9waWMiOiIxNTM2NjU4NTc0LjI4NDczNzMud2VicCIsIm5hbWUiOiJcdTgwYTVcdTcyNWIrXHU3NTZhXHU4MzA0XHU5ZTIxXHU4NmNiIiwicHJpY2UiOjIyLjAsInN0YXR1cyI6MSwiY3JlYXRlX2F0IjoiMjAxOC0wOS0xMSAwOTozNjoxNCIsInVwZGF0ZV9hdCI6IjIwMTgtMDktMTEgMDk6MzY6MTQifV19LCIyIjp7ImlkIjoyLCJuYW1lIjoiXHU3NmQ2XHU5OTZkIiwicGlkcyI6W3siaWQiOjUsInNob3BfaWQiOjEsImNhdGVnb3J5X2lkIjoyLCJjb3Zlcl9waWMiOiIxNTM2NjU4NjU5LjA0NDY5OTIud2VicCIsIm5hbWUiOiJcdTY4ODVcdTgzZGNcdTYyNjNcdTgwODlcdTk5NmQiLCJwcmljZSI6MTkuMCwic3RhdHVzIjoxLCJjcmVhdGVfYXQiOiIyMDE4LTA5LTExIDA5OjM3OjM5IiwidXBkYXRlX2F0IjoiMjAxOC0wOS0xMSAwOTozNzozOSJ9LHsiaWQiOjYsInNob3BfaWQiOjEsImNhdGVnb3J5X2lkIjoyLCJjb3Zlcl9waWMiOiIxNTM2NjU4ODI0LjM5NzY1MDUud2VicCIsIm5hbWUiOiJcdTY3MjhcdTk4N2JcdTgwODlcdTk5NmQiLCJwcmljZSI6MTYuMCwic3RhdHVzIjoxLCJjcmVhdGVfYXQiOiIyMDE4LTA5LTExIDA5OjQwOjI0IiwidXBkYXRlX2F0IjoiMjAxOC0wOS0xMSAwOTo0MDoyNCJ9LHsiaWQiOjcsInNob3BfaWQiOjEsImNhdGVnb3J5X2lkIjoyLCJjb3Zlcl9waWMiOiIxNTM2NjU4ODYzLjY3MzI4NTUud2VicCIsIm5hbWUiOiJcdTgwYTVcdTcyNWJcdTk5NmQiLCJwcmljZSI6MTkuMCwic3RhdHVzIjoxLCJjcmVhdGVfYXQiOiIyMDE4LTA5LTExIDA5OjQxOjAzIiwidXBkYXRlX2F0IjoiMjAxOC0wOS0xMSAwOTo0MTowMyJ9LHsiaWQiOjgsInNob3BfaWQiOjEsImNhdGVnb3J5X2lkIjoyLCJjb3Zlcl9waWMiOiIxNTM2NjU4OTYwLjM5NTQxMzQud2VicCIsIm5hbWUiOiJcdTY1ZTBcdTlhYThcdTU0OTZcdTU1YjFcdTllMjFcdTk5NmQiLCJwcmljZSI6MTguMCwic3RhdHVzIjoxLCJjcmVhdGVfYXQiOiIyMDE4LTA5LTExIDA5OjQyOjQwIiwidXBkYXRlX2F0IjoiMjAxOC0wOS0xMSAwOTo0Mjo0MCJ9XX0sIjMiOnsiaWQiOjMsIm5hbWUiOiJcdTVjMGZcdTgzZGMiLCJwaWRzIjpbeyJpZCI6OSwic2hvcF9pZCI6MSwiY2F0ZWdvcnlfaWQiOjMsImNvdmVyX3BpYyI6IjE1MzY2NTkwNjUuNzk3MjYzNi53ZWJwIiwibmFtZSI6Ilx1NTM1NVx1NGVmZFx1NzU2YVx1ODMwNFx1OWUyMVx1ODZjYiIsInByaWNlIjo4LjAsInN0YXR1cyI6MSwiY3JlYXRlX2F0IjoiMjAxOC0wOS0xMSAwOTo0NDoyNSIsInVwZGF0ZV9hdCI6IjIwMTgtMDktMTEgMDk6NDQ6MjUifSx7ImlkIjoxMCwic2hvcF9pZCI6MSwiY2F0ZWdvcnlfaWQiOjMsImNvdmVyX3BpYyI6IjE1MzY2NTkxMTQuMDQ0MDIzNS53ZWJwIiwibmFtZSI6Ilx1NTM1NVx1NGVmZFx1NjcyOFx1OTg3Ylx1ODA4OSIsInByaWNlIjo4LjAsInN0YXR1cyI6MSwiY3JlYXRlX2F0IjoiMjAxOC0wOS0xMSAwOTo0NToxNCIsInVwZGF0ZV9hdCI6IjIwMTgtMDktMTEgMDk6NDU6MTQifSx7ImlkIjoxMSwic2hvcF9pZCI6MSwiY2F0ZWdvcnlfaWQiOjMsImNvdmVyX3BpYyI6IjE1MzY2NTkxOTcuNzIzMTIyMS53ZWJwIiwibmFtZSI6Ilx1ODNkY1x1NWZjMyIsInByaWNlIjo2LjAsInN0YXR1cyI6MSwiY3JlYXRlX2F0IjoiMjAxOC0wOS0xMSAwOTo0NjozNyIsInVwZGF0ZV9hdCI6IjIwMTgtMDktMTEgMDk6NDY6MzcifSx7ImlkIjoxMiwic2hvcF9pZCI6MSwiY2F0ZWdvcnlfaWQiOjMsImNvdmVyX3BpYyI6IjE1MzY2NTkyNTMuODg0MjcxNi53ZWJwIiwibmFtZSI6Ilx1NTM1NVx1NGVmZFx1OTk5OVx1OGZhM1x1N2IwYlx1NWU3Mlx1NzBlN1x1ODA4OSIsInByaWNlIjoxNS4wLCJzdGF0dXMiOjEsImNyZWF0ZV9hdCI6IjIwMTgtMDktMTEgMDk6NDc6MzMiLCJ1cGRhdGVfYXQiOiIyMDE4LTA5LTExIDA5OjQ3OjMzIn1dfSwiNCI6eyJpZCI6NCwibmFtZSI6Ilx1NmM2NC9cdTk5NmVcdTY1OTkiLCJwaWRzIjpbeyJpZCI6MTMsInNob3BfaWQiOjEsImNhdGVnb3J5X2lkIjo0LCJjb3Zlcl9waWMiOiIxNTM2NjU5MzExLjg2OTk0OTMud2VicCIsIm5hbWUiOiJcdTc1NmFcdTgzMDRcdTg2Y2JcdTgyYjFcdTZjNjQiLCJwcmljZSI6NC4wLCJzdGF0dXMiOjEsImNyZWF0ZV9hdCI6IjIwMTgtMDktMTEgMDk6NDg6MzEiLCJ1cGRhdGVfYXQiOiIyMDE4LTA5LTExIDA5OjQ4OjMxIn0seyJpZCI6MTQsInNob3BfaWQiOjEsImNhdGVnb3J5X2lkIjo0LCJjb3Zlcl9waWMiOiIxNTM2NjU5MzY0Ljc4OTI1MTMud2VicCIsIm5hbWUiOiJcdTczOGJcdTgwMDFcdTU0MDkiLCJwcmljZSI6Ni4wLCJzdGF0dXMiOjEsImNyZWF0ZV9hdCI6IjIwMTgtMDktMTEgMDk6NDk6MjQiLCJ1cGRhdGVfYXQiOiIyMDE4LTA5LTExIDA5OjQ5OjI0In0seyJpZCI6MTUsInNob3BfaWQiOjEsImNhdGVnb3J5X2lkIjo0LCJjb3Zlcl9waWMiOiIxNTM2NjU5NTYzLjM4OTc2NDgud2VicCIsIm5hbWUiOiJcdTY3OWNcdTdjOTJcdTZhNTkiLCJwcmljZSI6NS4wLCJzdGF0dXMiOjEsImNyZWF0ZV9hdCI6IjIwMTgtMDktMTEgMDk6NTI6NDMiLCJ1cGRhdGVfYXQiOiIyMDE4LTA5LTExIDA5OjUyOjQzIn0seyJpZCI6MTYsInNob3BfaWQiOjEsImNhdGVnb3J5X2lkIjo0LCJjb3Zlcl9waWMiOiIxNTM2NjU5NjA1LjU1NjE3NzEud2VicCIsIm5hbWUiOiJcdTc3ZmZcdTZjYzlcdTZjMzQiLCJwcmljZSI6My4wLCJzdGF0dXMiOjEsImNyZWF0ZV9hdCI6IjIwMTgtMDktMTEgMDk6NTM6MjUiLCJ1cGRhdGVfYXQiOiIyMDE4LTA5LTExIDA5OjUzOjI1In0seyJpZCI6MTcsInNob3BfaWQiOjEsImNhdGVnb3J5X2lkIjo0LCJjb3Zlcl9waWMiOiIxNTM2NjU5Njg4LjQ4NTYxNTcud2VicCIsIm5hbWUiOiJcdTRlNGNcdTY4ODVcdTZjNDEiLCJwcmljZSI6NC4wLCJzdGF0dXMiOjEsImNyZWF0ZV9hdCI6IjIwMTgtMDktMTEgMDk6NTQ6NDgiLCJ1cGRhdGVfYXQiOiIyMDE4LTA5LTExIDA5OjU0OjQ4In1dfX0sInByb2R1Y3RsaXN0Ijp7IjEiOnsiaWQiOjEsInNob3BfaWQiOjEsImNhdGVnb3J5X2lkIjoxLCJjb3Zlcl9waWMiOiIxNTM2NjU3NjIwLjU0ODU3MDQud2VicCIsIm5hbWUiOiJcdTdlYTJcdTcwZTdcdTgwODkrXHU3MmVlXHU1YjUwXHU1OTM0K1x1OTk2ZVx1NjU5OSIsInByaWNlIjoyNS4wLCJzdGF0dXMiOjEsImNyZWF0ZV9hdCI6IjIwMTgtMDktMTEgMDk6MjA6MjAiLCJ1cGRhdGVfYXQiOiIyMDE4LTA5LTExIDA5OjMwOjI1In0sIjIiOnsiaWQiOjIsInNob3BfaWQiOjEsImNhdGVnb3J5X2lkIjoxLCJjb3Zlcl9waWMiOiIxNTM2NjU4MzUyLjkzNDE1NTcud2VicCIsIm5hbWUiOiJcdTdlYTJcdTcwZTdcdTgwODkrXHU3NTZhXHU4MzA0XHU5ZTIxXHU4NmNiIiwicHJpY2UiOjIyLjAsInN0YXR1cyI6MSwiY3JlYXRlX2F0IjoiMjAxOC0wOS0xMSAwOTozMjozMiIsInVwZGF0ZV9hdCI6IjIwMTgtMDktMTEgMDk6MzI6MzIifSwiMyI6eyJpZCI6Mywic2hvcF9pZCI6MSwiY2F0ZWdvcnlfaWQiOjEsImNvdmVyX3BpYyI6IjE1MzY2NTg0MTUuNjgzODAwMi53ZWJwIiwibmFtZSI6Ilx1Njg4NVx1ODNkY1x1NjI2M1x1ODA4OStcdTc1NmFcdTgzMDRcdTllMjFcdTg2Y2IiLCJwcmljZSI6MjIuMCwic3RhdHVzIjoxLCJjcmVhdGVfYXQiOiIyMDE4LTA5LTExIDA5OjMzOjM1IiwidXBkYXRlX2F0IjoiMjAxOC0wOS0xMSAwOTozMzozNSJ9LCI0Ijp7ImlkIjo0LCJzaG9wX2lkIjoxLCJjYXRlZ29yeV9pZCI6MSwiY292ZXJfcGljIjoiMTUzNjY1ODU3NC4yODQ3MzczLndlYnAiLCJuYW1lIjoiXHU4MGE1XHU3MjViK1x1NzU2YVx1ODMwNFx1OWUyMVx1ODZjYiIsInByaWNlIjoyMi4wLCJzdGF0dXMiOjEsImNyZWF0ZV9hdCI6IjIwMTgtMDktMTEgMDk6MzY6MTQiLCJ1cGRhdGVfYXQiOiIyMDE4LTA5LTExIDA5OjM2OjE0In0sIjUiOnsiaWQiOjUsInNob3BfaWQiOjEsImNhdGVnb3J5X2lkIjoyLCJjb3Zlcl9waWMiOiIxNTM2NjU4NjU5LjA0NDY5OTIud2VicCIsIm5hbWUiOiJcdTY4ODVcdTgzZGNcdTYyNjNcdTgwODlcdTk5NmQiLCJwcmljZSI6MTkuMCwic3RhdHVzIjoxLCJjcmVhdGVfYXQiOiIyMDE4LTA5LTExIDA5OjM3OjM5IiwidXBkYXRlX2F0IjoiMjAxOC0wOS0xMSAwOTozNzozOSJ9LCI2Ijp7ImlkIjo2LCJzaG9wX2lkIjoxLCJjYXRlZ29yeV9pZCI6MiwiY292ZXJfcGljIjoiMTUzNjY1ODgyNC4zOTc2NTA1LndlYnAiLCJuYW1lIjoiXHU2NzI4XHU5ODdiXHU4MDg5XHU5OTZkIiwicHJpY2UiOjE2LjAsInN0YXR1cyI6MSwiY3JlYXRlX2F0IjoiMjAxOC0wOS0xMSAwOTo0MDoyNCIsInVwZGF0ZV9hdCI6IjIwMTgtMDktMTEgMDk6NDA6MjQifSwiNyI6eyJpZCI6Nywic2hvcF9pZCI6MSwiY2F0ZWdvcnlfaWQiOjIsImNvdmVyX3BpYyI6IjE1MzY2NTg4NjMuNjczMjg1NS53ZWJwIiwibmFtZSI6Ilx1ODBhNVx1NzI1Ylx1OTk2ZCIsInByaWNlIjoxOS4wLCJzdGF0dXMiOjEsImNyZWF0ZV9hdCI6IjIwMTgtMDktMTEgMDk6NDE6MDMiLCJ1cGRhdGVfYXQiOiIyMDE4LTA5LTExIDA5OjQxOjAzIn0sIjgiOnsiaWQiOjgsInNob3BfaWQiOjEsImNhdGVnb3J5X2lkIjoyLCJjb3Zlcl9waWMiOiIxNTM2NjU4OTYwLjM5NTQxMzQud2VicCIsIm5hbWUiOiJcdTY1ZTBcdTlhYThcdTU0OTZcdTU1YjFcdTllMjFcdTk5NmQiLCJwcmljZSI6MTguMCwic3RhdHVzIjoxLCJjcmVhdGVfYXQiOiIyMDE4LTA5LTExIDA5OjQyOjQwIiwidXBkYXRlX2F0IjoiMjAxOC0wOS0xMSAwOTo0Mjo0MCJ9LCI5Ijp7ImlkIjo5LCJzaG9wX2lkIjoxLCJjYXRlZ29yeV9pZCI6MywiY292ZXJfcGljIjoiMTUzNjY1OTA2NS43OTcyNjM2LndlYnAiLCJuYW1lIjoiXHU1MzU1XHU0ZWZkXHU3NTZhXHU4MzA0XHU5ZTIxXHU4NmNiIiwicHJpY2UiOjguMCwic3RhdHVzIjoxLCJjcmVhdGVfYXQiOiIyMDE4LTA5LTExIDA5OjQ0OjI1IiwidXBkYXRlX2F0IjoiMjAxOC0wOS0xMSAwOTo0NDoyNSJ9LCIxMCI6eyJpZCI6MTAsInNob3BfaWQiOjEsImNhdGVnb3J5X2lkIjozLCJjb3Zlcl9waWMiOiIxNTM2NjU5MTE0LjA0NDAyMzUud2VicCIsIm5hbWUiOiJcdTUzNTVcdTRlZmRcdTY3MjhcdTk4N2JcdTgwODkiLCJwcmljZSI6OC4wLCJzdGF0dXMiOjEsImNyZWF0ZV9hdCI6IjIwMTgtMDktMTEgMDk6NDU6MTQiLCJ1cGRhdGVfYXQiOiIyMDE4LTA5LTExIDA5OjQ1OjE0In0sIjExIjp7ImlkIjoxMSwic2hvcF9pZCI6MSwiY2F0ZWdvcnlfaWQiOjMsImNvdmVyX3BpYyI6IjE1MzY2NTkxOTcuNzIzMTIyMS53ZWJwIiwibmFtZSI6Ilx1ODNkY1x1NWZjMyIsInByaWNlIjo2LjAsInN0YXR1cyI6MSwiY3JlYXRlX2F0IjoiMjAxOC0wOS0xMSAwOTo0NjozNyIsInVwZGF0ZV9hdCI6IjIwMTgtMDktMTEgMDk6NDY6MzcifSwiMTIiOnsiaWQiOjEyLCJzaG9wX2lkIjoxLCJjYXRlZ29yeV9pZCI6MywiY292ZXJfcGljIjoiMTUzNjY1OTI1My44ODQyNzE2LndlYnAiLCJuYW1lIjoiXHU1MzU1XHU0ZWZkXHU5OTk5XHU4ZmEzXHU3YjBiXHU1ZTcyXHU3MGU3XHU4MDg5IiwicHJpY2UiOjE1LjAsInN0YXR1cyI6MSwiY3JlYXRlX2F0IjoiMjAxOC0wOS0xMSAwOTo0NzozMyIsInVwZGF0ZV9hdCI6IjIwMTgtMDktMTEgMDk6NDc6MzMifSwiMTMiOnsiaWQiOjEzLCJzaG9wX2lkIjoxLCJjYXRlZ29yeV9pZCI6NCwiY292ZXJfcGljIjoiMTUzNjY1OTMxMS44Njk5NDkzLndlYnAiLCJuYW1lIjoiXHU3NTZhXHU4MzA0XHU4NmNiXHU4MmIxXHU2YzY0IiwicHJpY2UiOjQuMCwic3RhdHVzIjoxLCJjcmVhdGVfYXQiOiIyMDE4LTA5LTExIDA5OjQ4OjMxIiwidXBkYXRlX2F0IjoiMjAxOC0wOS0xMSAwOTo0ODozMSJ9LCIxNCI6eyJpZCI6MTQsInNob3BfaWQiOjEsImNhdGVnb3J5X2lkIjo0LCJjb3Zlcl9waWMiOiIxNTM2NjU5MzY0Ljc4OTI1MTMud2VicCIsIm5hbWUiOiJcdTczOGJcdTgwMDFcdTU0MDkiLCJwcmljZSI6Ni4wLCJzdGF0dXMiOjEsImNyZWF0ZV9hdCI6IjIwMTgtMDktMTEgMDk6NDk6MjQiLCJ1cGRhdGVfYXQiOiIyMDE4LTA5LTExIDA5OjQ5OjI0In0sIjE1Ijp7ImlkIjoxNSwic2hvcF9pZCI6MSwiY2F0ZWdvcnlfaWQiOjQsImNvdmVyX3BpYyI6IjE1MzY2NTk1NjMuMzg5NzY0OC53ZWJwIiwibmFtZSI6Ilx1Njc5Y1x1N2M5Mlx1NmE1OSIsInByaWNlIjo1LjAsInN0YXR1cyI6MSwiY3JlYXRlX2F0IjoiMjAxOC0wOS0xMSAwOTo1Mjo0MyIsInVwZGF0ZV9hdCI6IjIwMTgtMDktMTEgMDk6NTI6NDMifSwiMTYiOnsiaWQiOjE2LCJzaG9wX2lkIjoxLCJjYXRlZ29yeV9pZCI6NCwiY292ZXJfcGljIjoiMTUzNjY1OTYwNS41NTYxNzcxLndlYnAiLCJuYW1lIjoiXHU3N2ZmXHU2Y2M5XHU2YzM0IiwicHJpY2UiOjMuMCwic3RhdHVzIjoxLCJjcmVhdGVfYXQiOiIyMDE4LTA5LTExIDA5OjUzOjI1IiwidXBkYXRlX2F0IjoiMjAxOC0wOS0xMSAwOTo1MzoyNSJ9LCIxNyI6eyJpZCI6MTcsInNob3BfaWQiOjEsImNhdGVnb3J5X2lkIjo0LCJjb3Zlcl9waWMiOiIxNTM2NjU5Njg4LjQ4NTYxNTcud2VicCIsIm5hbWUiOiJcdTRlNGNcdTY4ODVcdTZjNDEiLCJwcmljZSI6NC4wLCJzdGF0dXMiOjEsImNyZWF0ZV9hdCI6IjIwMTgtMDktMTEgMDk6NTQ6NDgiLCJ1cGRhdGVfYXQiOiIyMDE4LTA5LTExIDA5OjU0OjQ4In19LCJ0b3RhbF9tb25leSI6MH0=','2018-10-29 01:20:07.404164'),('9rsr5zw0v7k57kub8epnvy3wl23ffji8','OGIwYzA3YTRiYjI1ZWZiY2JjYTlhMzQwM2E2MTAwZDI0NzQ3OWZhOTp7InZlcmlmeWNvZGUiOiIxNTUwIiwic2hvcGluZm8iOnsiaWQiOjEsIm5hbWUiOiJcdTc1MzBcdTgwMDFcdTVlMDhcdTdlYTJcdTcwZTdcdTgwODkiLCJzaG9wIjoiXHU2NzFkXHU5NjMzXHU1YzA2XHU1M2YwXHU4ZGVmXHU1ZTk3IiwiY292ZXJfcGljIjoiMTIzNDEyMzQuanBnIiwiYmFubmVyX3BpYyI6ImxnLmpwZyIsImFkZHJlc3MiOiJcdTUzMTdcdTRlYWNcdTVlMDJcdTY3MWRcdTk2MzNcdTUzM2FcdTVjMDZcdTUzZjBcdTRlNjFcdTRlMWNcdTUxNmJcdTk1ZjRcdTYyM2ZcdTY3NTFcdTg5N2ZcdTRlMzQ4XHU1M2Y3IiwicGhvbmUiOiIxMjM0NTY3ODkwNSIsInN0YXR1cyI6MSwiY3JlYXRlX2F0IjoiMjAxOC0wOC0yMCAxMDoxMjozNCIsInVwZGF0ZV9hdCI6IjIwMTgtMDktMDIgMTI6MzQ6NTYifSwiY2F0ZWdvcnlpZHMiOlsxLDIsMyw0XSwiY2F0ZWdvcnlsaXN0Ijp7IjEiOnsiaWQiOjEsIm5hbWUiOiJcdTUzY2NcdTYyZmNcdTU5NTdcdTk5MTAiLCJwaWRzIjpbeyJpZCI6MSwic2hvcF9pZCI6MSwiY2F0ZWdvcnlfaWQiOjEsImNvdmVyX3BpYyI6IjE1MzY2NTc2MjAuNTQ4NTcwNC53ZWJwIiwibmFtZSI6Ilx1N2VhMlx1NzBlN1x1ODA4OStcdTcyZWVcdTViNTBcdTU5MzQrXHU5OTZlXHU2NTk5IiwicHJpY2UiOjI1LjAsInN0YXR1cyI6MSwiY3JlYXRlX2F0IjoiMjAxOC0wOS0xMSAwOToyMDoyMCIsInVwZGF0ZV9hdCI6IjIwMTgtMDktMTEgMDk6MzA6MjUifSx7ImlkIjoyLCJzaG9wX2lkIjoxLCJjYXRlZ29yeV9pZCI6MSwiY292ZXJfcGljIjoiMTUzNjY1ODM1Mi45MzQxNTU3LndlYnAiLCJuYW1lIjoiXHU3ZWEyXHU3MGU3XHU4MDg5K1x1NzU2YVx1ODMwNFx1OWUyMVx1ODZjYiIsInByaWNlIjoyMi4wLCJzdGF0dXMiOjEsImNyZWF0ZV9hdCI6IjIwMTgtMDktMTEgMDk6MzI6MzIiLCJ1cGRhdGVfYXQiOiIyMDE4LTA5LTExIDA5OjMyOjMyIn0seyJpZCI6Mywic2hvcF9pZCI6MSwiY2F0ZWdvcnlfaWQiOjEsImNvdmVyX3BpYyI6IjE1MzY2NTg0MTUuNjgzODAwMi53ZWJwIiwibmFtZSI6Ilx1Njg4NVx1ODNkY1x1NjI2M1x1ODA4OStcdTc1NmFcdTgzMDRcdTllMjFcdTg2Y2IiLCJwcmljZSI6MjIuMCwic3RhdHVzIjoxLCJjcmVhdGVfYXQiOiIyMDE4LTA5LTExIDA5OjMzOjM1IiwidXBkYXRlX2F0IjoiMjAxOC0wOS0xMSAwOTozMzozNSJ9LHsiaWQiOjQsInNob3BfaWQiOjEsImNhdGVnb3J5X2lkIjoxLCJjb3Zlcl9waWMiOiIxNTM2NjU4NTc0LjI4NDczNzMud2VicCIsIm5hbWUiOiJcdTgwYTVcdTcyNWIrXHU3NTZhXHU4MzA0XHU5ZTIxXHU4NmNiIiwicHJpY2UiOjIyLjAsInN0YXR1cyI6MSwiY3JlYXRlX2F0IjoiMjAxOC0wOS0xMSAwOTozNjoxNCIsInVwZGF0ZV9hdCI6IjIwMTgtMDktMTEgMDk6MzY6MTQifV19LCIyIjp7ImlkIjoyLCJuYW1lIjoiXHU3NmQ2XHU5OTZkIiwicGlkcyI6W3siaWQiOjUsInNob3BfaWQiOjEsImNhdGVnb3J5X2lkIjoyLCJjb3Zlcl9waWMiOiIxNTM2NjU4NjU5LjA0NDY5OTIud2VicCIsIm5hbWUiOiJcdTY4ODVcdTgzZGNcdTYyNjNcdTgwODlcdTk5NmQiLCJwcmljZSI6MTkuMCwic3RhdHVzIjoxLCJjcmVhdGVfYXQiOiIyMDE4LTA5LTExIDA5OjM3OjM5IiwidXBkYXRlX2F0IjoiMjAxOC0wOS0xMSAwOTozNzozOSJ9LHsiaWQiOjYsInNob3BfaWQiOjEsImNhdGVnb3J5X2lkIjoyLCJjb3Zlcl9waWMiOiIxNTM2NjU4ODI0LjM5NzY1MDUud2VicCIsIm5hbWUiOiJcdTY3MjhcdTk4N2JcdTgwODlcdTk5NmQiLCJwcmljZSI6MTYuMCwic3RhdHVzIjoxLCJjcmVhdGVfYXQiOiIyMDE4LTA5LTExIDA5OjQwOjI0IiwidXBkYXRlX2F0IjoiMjAxOC0wOS0xMSAwOTo0MDoyNCJ9LHsiaWQiOjcsInNob3BfaWQiOjEsImNhdGVnb3J5X2lkIjoyLCJjb3Zlcl9waWMiOiIxNTM2NjU4ODYzLjY3MzI4NTUud2VicCIsIm5hbWUiOiJcdTgwYTVcdTcyNWJcdTk5NmQiLCJwcmljZSI6MTkuMCwic3RhdHVzIjoxLCJjcmVhdGVfYXQiOiIyMDE4LTA5LTExIDA5OjQxOjAzIiwidXBkYXRlX2F0IjoiMjAxOC0wOS0xMSAwOTo0MTowMyJ9LHsiaWQiOjgsInNob3BfaWQiOjEsImNhdGVnb3J5X2lkIjoyLCJjb3Zlcl9waWMiOiIxNTM2NjU4OTYwLjM5NTQxMzQud2VicCIsIm5hbWUiOiJcdTY1ZTBcdTlhYThcdTU0OTZcdTU1YjFcdTllMjFcdTk5NmQiLCJwcmljZSI6MTguMCwic3RhdHVzIjoxLCJjcmVhdGVfYXQiOiIyMDE4LTA5LTExIDA5OjQyOjQwIiwidXBkYXRlX2F0IjoiMjAxOC0wOS0xMSAwOTo0Mjo0MCJ9XX0sIjMiOnsiaWQiOjMsIm5hbWUiOiJcdTVjMGZcdTgzZGMiLCJwaWRzIjpbeyJpZCI6OSwic2hvcF9pZCI6MSwiY2F0ZWdvcnlfaWQiOjMsImNvdmVyX3BpYyI6IjE1MzY2NTkwNjUuNzk3MjYzNi53ZWJwIiwibmFtZSI6Ilx1NTM1NVx1NGVmZFx1NzU2YVx1ODMwNFx1OWUyMVx1ODZjYiIsInByaWNlIjo4LjAsInN0YXR1cyI6MSwiY3JlYXRlX2F0IjoiMjAxOC0wOS0xMSAwOTo0NDoyNSIsInVwZGF0ZV9hdCI6IjIwMTgtMDktMTEgMDk6NDQ6MjUifSx7ImlkIjoxMCwic2hvcF9pZCI6MSwiY2F0ZWdvcnlfaWQiOjMsImNvdmVyX3BpYyI6IjE1MzY2NTkxMTQuMDQ0MDIzNS53ZWJwIiwibmFtZSI6Ilx1NTM1NVx1NGVmZFx1NjcyOFx1OTg3Ylx1ODA4OSIsInByaWNlIjo4LjAsInN0YXR1cyI6MSwiY3JlYXRlX2F0IjoiMjAxOC0wOS0xMSAwOTo0NToxNCIsInVwZGF0ZV9hdCI6IjIwMTgtMDktMTEgMDk6NDU6MTQifSx7ImlkIjoxMSwic2hvcF9pZCI6MSwiY2F0ZWdvcnlfaWQiOjMsImNvdmVyX3BpYyI6IjE1MzY2NTkxOTcuNzIzMTIyMS53ZWJwIiwibmFtZSI6Ilx1ODNkY1x1NWZjMyIsInByaWNlIjo2LjAsInN0YXR1cyI6MSwiY3JlYXRlX2F0IjoiMjAxOC0wOS0xMSAwOTo0NjozNyIsInVwZGF0ZV9hdCI6IjIwMTgtMDktMTEgMDk6NDY6MzcifSx7ImlkIjoxMiwic2hvcF9pZCI6MSwiY2F0ZWdvcnlfaWQiOjMsImNvdmVyX3BpYyI6IjE1MzY2NTkyNTMuODg0MjcxNi53ZWJwIiwibmFtZSI6Ilx1NTM1NVx1NGVmZFx1OTk5OVx1OGZhM1x1N2IwYlx1NWU3Mlx1NzBlN1x1ODA4OSIsInByaWNlIjoxNS4wLCJzdGF0dXMiOjEsImNyZWF0ZV9hdCI6IjIwMTgtMDktMTEgMDk6NDc6MzMiLCJ1cGRhdGVfYXQiOiIyMDE4LTA5LTExIDA5OjQ3OjMzIn1dfSwiNCI6eyJpZCI6NCwibmFtZSI6Ilx1NmM2NC9cdTk5NmVcdTY1OTkiLCJwaWRzIjpbeyJpZCI6MTMsInNob3BfaWQiOjEsImNhdGVnb3J5X2lkIjo0LCJjb3Zlcl9waWMiOiIxNTM2NjU5MzExLjg2OTk0OTMud2VicCIsIm5hbWUiOiJcdTc1NmFcdTgzMDRcdTg2Y2JcdTgyYjFcdTZjNjQiLCJwcmljZSI6NC4wLCJzdGF0dXMiOjEsImNyZWF0ZV9hdCI6IjIwMTgtMDktMTEgMDk6NDg6MzEiLCJ1cGRhdGVfYXQiOiIyMDE4LTA5LTExIDA5OjQ4OjMxIn0seyJpZCI6MTQsInNob3BfaWQiOjEsImNhdGVnb3J5X2lkIjo0LCJjb3Zlcl9waWMiOiIxNTM2NjU5MzY0Ljc4OTI1MTMud2VicCIsIm5hbWUiOiJcdTczOGJcdTgwMDFcdTU0MDkiLCJwcmljZSI6Ni4wLCJzdGF0dXMiOjEsImNyZWF0ZV9hdCI6IjIwMTgtMDktMTEgMDk6NDk6MjQiLCJ1cGRhdGVfYXQiOiIyMDE4LTA5LTExIDA5OjQ5OjI0In0seyJpZCI6MTUsInNob3BfaWQiOjEsImNhdGVnb3J5X2lkIjo0LCJjb3Zlcl9waWMiOiIxNTM2NjU5NTYzLjM4OTc2NDgud2VicCIsIm5hbWUiOiJcdTY3OWNcdTdjOTJcdTZhNTkiLCJwcmljZSI6NS4wLCJzdGF0dXMiOjEsImNyZWF0ZV9hdCI6IjIwMTgtMDktMTEgMDk6NTI6NDMiLCJ1cGRhdGVfYXQiOiIyMDE4LTA5LTExIDA5OjUyOjQzIn0seyJpZCI6MTYsInNob3BfaWQiOjEsImNhdGVnb3J5X2lkIjo0LCJjb3Zlcl9waWMiOiIxNTM2NjU5NjA1LjU1NjE3NzEud2VicCIsIm5hbWUiOiJcdTc3ZmZcdTZjYzlcdTZjMzQiLCJwcmljZSI6My4wLCJzdGF0dXMiOjEsImNyZWF0ZV9hdCI6IjIwMTgtMDktMTEgMDk6NTM6MjUiLCJ1cGRhdGVfYXQiOiIyMDE4LTA5LTExIDA5OjUzOjI1In0seyJpZCI6MTcsInNob3BfaWQiOjEsImNhdGVnb3J5X2lkIjo0LCJjb3Zlcl9waWMiOiIxNTM2NjU5Njg4LjQ4NTYxNTcud2VicCIsIm5hbWUiOiJcdTRlNGNcdTY4ODVcdTZjNDEiLCJwcmljZSI6NC4wLCJzdGF0dXMiOjEsImNyZWF0ZV9hdCI6IjIwMTgtMDktMTEgMDk6NTQ6NDgiLCJ1cGRhdGVfYXQiOiIyMDE4LTA5LTExIDA5OjU0OjQ4In1dfX0sInByb2R1Y3RsaXN0Ijp7IjEiOnsiaWQiOjEsInNob3BfaWQiOjEsImNhdGVnb3J5X2lkIjoxLCJjb3Zlcl9waWMiOiIxNTM2NjU3NjIwLjU0ODU3MDQud2VicCIsIm5hbWUiOiJcdTdlYTJcdTcwZTdcdTgwODkrXHU3MmVlXHU1YjUwXHU1OTM0K1x1OTk2ZVx1NjU5OSIsInByaWNlIjoyNS4wLCJzdGF0dXMiOjEsImNyZWF0ZV9hdCI6IjIwMTgtMDktMTEgMDk6MjA6MjAiLCJ1cGRhdGVfYXQiOiIyMDE4LTA5LTExIDA5OjMwOjI1IiwibnVtIjoxfSwiMiI6eyJpZCI6Miwic2hvcF9pZCI6MSwiY2F0ZWdvcnlfaWQiOjEsImNvdmVyX3BpYyI6IjE1MzY2NTgzNTIuOTM0MTU1Ny53ZWJwIiwibmFtZSI6Ilx1N2VhMlx1NzBlN1x1ODA4OStcdTc1NmFcdTgzMDRcdTllMjFcdTg2Y2IiLCJwcmljZSI6MjIuMCwic3RhdHVzIjoxLCJjcmVhdGVfYXQiOiIyMDE4LTA5LTExIDA5OjMyOjMyIiwidXBkYXRlX2F0IjoiMjAxOC0wOS0xMSAwOTozMjozMiJ9LCIzIjp7ImlkIjozLCJzaG9wX2lkIjoxLCJjYXRlZ29yeV9pZCI6MSwiY292ZXJfcGljIjoiMTUzNjY1ODQxNS42ODM4MDAyLndlYnAiLCJuYW1lIjoiXHU2ODg1XHU4M2RjXHU2MjYzXHU4MDg5K1x1NzU2YVx1ODMwNFx1OWUyMVx1ODZjYiIsInByaWNlIjoyMi4wLCJzdGF0dXMiOjEsImNyZWF0ZV9hdCI6IjIwMTgtMDktMTEgMDk6MzM6MzUiLCJ1cGRhdGVfYXQiOiIyMDE4LTA5LTExIDA5OjMzOjM1In0sIjQiOnsiaWQiOjQsInNob3BfaWQiOjEsImNhdGVnb3J5X2lkIjoxLCJjb3Zlcl9waWMiOiIxNTM2NjU4NTc0LjI4NDczNzMud2VicCIsIm5hbWUiOiJcdTgwYTVcdTcyNWIrXHU3NTZhXHU4MzA0XHU5ZTIxXHU4NmNiIiwicHJpY2UiOjIyLjAsInN0YXR1cyI6MSwiY3JlYXRlX2F0IjoiMjAxOC0wOS0xMSAwOTozNjoxNCIsInVwZGF0ZV9hdCI6IjIwMTgtMDktMTEgMDk6MzY6MTQifSwiNSI6eyJpZCI6NSwic2hvcF9pZCI6MSwiY2F0ZWdvcnlfaWQiOjIsImNvdmVyX3BpYyI6IjE1MzY2NTg2NTkuMDQ0Njk5Mi53ZWJwIiwibmFtZSI6Ilx1Njg4NVx1ODNkY1x1NjI2M1x1ODA4OVx1OTk2ZCIsInByaWNlIjoxOS4wLCJzdGF0dXMiOjEsImNyZWF0ZV9hdCI6IjIwMTgtMDktMTEgMDk6Mzc6MzkiLCJ1cGRhdGVfYXQiOiIyMDE4LTA5LTExIDA5OjM3OjM5In0sIjYiOnsiaWQiOjYsInNob3BfaWQiOjEsImNhdGVnb3J5X2lkIjoyLCJjb3Zlcl9waWMiOiIxNTM2NjU4ODI0LjM5NzY1MDUud2VicCIsIm5hbWUiOiJcdTY3MjhcdTk4N2JcdTgwODlcdTk5NmQiLCJwcmljZSI6MTYuMCwic3RhdHVzIjoxLCJjcmVhdGVfYXQiOiIyMDE4LTA5LTExIDA5OjQwOjI0IiwidXBkYXRlX2F0IjoiMjAxOC0wOS0xMSAwOTo0MDoyNCJ9LCI3Ijp7ImlkIjo3LCJzaG9wX2lkIjoxLCJjYXRlZ29yeV9pZCI6MiwiY292ZXJfcGljIjoiMTUzNjY1ODg2My42NzMyODU1LndlYnAiLCJuYW1lIjoiXHU4MGE1XHU3MjViXHU5OTZkIiwicHJpY2UiOjE5LjAsInN0YXR1cyI6MSwiY3JlYXRlX2F0IjoiMjAxOC0wOS0xMSAwOTo0MTowMyIsInVwZGF0ZV9hdCI6IjIwMTgtMDktMTEgMDk6NDE6MDMifSwiOCI6eyJpZCI6OCwic2hvcF9pZCI6MSwiY2F0ZWdvcnlfaWQiOjIsImNvdmVyX3BpYyI6IjE1MzY2NTg5NjAuMzk1NDEzNC53ZWJwIiwibmFtZSI6Ilx1NjVlMFx1OWFhOFx1NTQ5Nlx1NTViMVx1OWUyMVx1OTk2ZCIsInByaWNlIjoxOC4wLCJzdGF0dXMiOjEsImNyZWF0ZV9hdCI6IjIwMTgtMDktMTEgMDk6NDI6NDAiLCJ1cGRhdGVfYXQiOiIyMDE4LTA5LTExIDA5OjQyOjQwIn0sIjkiOnsiaWQiOjksInNob3BfaWQiOjEsImNhdGVnb3J5X2lkIjozLCJjb3Zlcl9waWMiOiIxNTM2NjU5MDY1Ljc5NzI2MzYud2VicCIsIm5hbWUiOiJcdTUzNTVcdTRlZmRcdTc1NmFcdTgzMDRcdTllMjFcdTg2Y2IiLCJwcmljZSI6OC4wLCJzdGF0dXMiOjEsImNyZWF0ZV9hdCI6IjIwMTgtMDktMTEgMDk6NDQ6MjUiLCJ1cGRhdGVfYXQiOiIyMDE4LTA5LTExIDA5OjQ0OjI1In0sIjEwIjp7ImlkIjoxMCwic2hvcF9pZCI6MSwiY2F0ZWdvcnlfaWQiOjMsImNvdmVyX3BpYyI6IjE1MzY2NTkxMTQuMDQ0MDIzNS53ZWJwIiwibmFtZSI6Ilx1NTM1NVx1NGVmZFx1NjcyOFx1OTg3Ylx1ODA4OSIsInByaWNlIjo4LjAsInN0YXR1cyI6MSwiY3JlYXRlX2F0IjoiMjAxOC0wOS0xMSAwOTo0NToxNCIsInVwZGF0ZV9hdCI6IjIwMTgtMDktMTEgMDk6NDU6MTQifSwiMTEiOnsiaWQiOjExLCJzaG9wX2lkIjoxLCJjYXRlZ29yeV9pZCI6MywiY292ZXJfcGljIjoiMTUzNjY1OTE5Ny43MjMxMjIxLndlYnAiLCJuYW1lIjoiXHU4M2RjXHU1ZmMzIiwicHJpY2UiOjYuMCwic3RhdHVzIjoxLCJjcmVhdGVfYXQiOiIyMDE4LTA5LTExIDA5OjQ2OjM3IiwidXBkYXRlX2F0IjoiMjAxOC0wOS0xMSAwOTo0NjozNyJ9LCIxMiI6eyJpZCI6MTIsInNob3BfaWQiOjEsImNhdGVnb3J5X2lkIjozLCJjb3Zlcl9waWMiOiIxNTM2NjU5MjUzLjg4NDI3MTYud2VicCIsIm5hbWUiOiJcdTUzNTVcdTRlZmRcdTk5OTlcdThmYTNcdTdiMGJcdTVlNzJcdTcwZTdcdTgwODkiLCJwcmljZSI6MTUuMCwic3RhdHVzIjoxLCJjcmVhdGVfYXQiOiIyMDE4LTA5LTExIDA5OjQ3OjMzIiwidXBkYXRlX2F0IjoiMjAxOC0wOS0xMSAwOTo0NzozMyJ9LCIxMyI6eyJpZCI6MTMsInNob3BfaWQiOjEsImNhdGVnb3J5X2lkIjo0LCJjb3Zlcl9waWMiOiIxNTM2NjU5MzExLjg2OTk0OTMud2VicCIsIm5hbWUiOiJcdTc1NmFcdTgzMDRcdTg2Y2JcdTgyYjFcdTZjNjQiLCJwcmljZSI6NC4wLCJzdGF0dXMiOjEsImNyZWF0ZV9hdCI6IjIwMTgtMDktMTEgMDk6NDg6MzEiLCJ1cGRhdGVfYXQiOiIyMDE4LTA5LTExIDA5OjQ4OjMxIn0sIjE0Ijp7ImlkIjoxNCwic2hvcF9pZCI6MSwiY2F0ZWdvcnlfaWQiOjQsImNvdmVyX3BpYyI6IjE1MzY2NTkzNjQuNzg5MjUxMy53ZWJwIiwibmFtZSI6Ilx1NzM4Ylx1ODAwMVx1NTQwOSIsInByaWNlIjo2LjAsInN0YXR1cyI6MSwiY3JlYXRlX2F0IjoiMjAxOC0wOS0xMSAwOTo0OToyNCIsInVwZGF0ZV9hdCI6IjIwMTgtMDktMTEgMDk6NDk6MjQifSwiMTUiOnsiaWQiOjE1LCJzaG9wX2lkIjoxLCJjYXRlZ29yeV9pZCI6NCwiY292ZXJfcGljIjoiMTUzNjY1OTU2My4zODk3NjQ4LndlYnAiLCJuYW1lIjoiXHU2NzljXHU3YzkyXHU2YTU5IiwicHJpY2UiOjUuMCwic3RhdHVzIjoxLCJjcmVhdGVfYXQiOiIyMDE4LTA5LTExIDA5OjUyOjQzIiwidXBkYXRlX2F0IjoiMjAxOC0wOS0xMSAwOTo1Mjo0MyJ9LCIxNiI6eyJpZCI6MTYsInNob3BfaWQiOjEsImNhdGVnb3J5X2lkIjo0LCJjb3Zlcl9waWMiOiIxNTM2NjU5NjA1LjU1NjE3NzEud2VicCIsIm5hbWUiOiJcdTc3ZmZcdTZjYzlcdTZjMzQiLCJwcmljZSI6My4wLCJzdGF0dXMiOjEsImNyZWF0ZV9hdCI6IjIwMTgtMDktMTEgMDk6NTM6MjUiLCJ1cGRhdGVfYXQiOiIyMDE4LTA5LTExIDA5OjUzOjI1In0sIjE3Ijp7ImlkIjoxNywic2hvcF9pZCI6MSwiY2F0ZWdvcnlfaWQiOjQsImNvdmVyX3BpYyI6IjE1MzY2NTk2ODguNDg1NjE1Ny53ZWJwIiwibmFtZSI6Ilx1NGU0Y1x1Njg4NVx1NmM0MSIsInByaWNlIjo0LjAsInN0YXR1cyI6MSwiY3JlYXRlX2F0IjoiMjAxOC0wOS0xMSAwOTo1NDo0OCIsInVwZGF0ZV9hdCI6IjIwMTgtMDktMTEgMDk6NTQ6NDgifX0sInRvdGFsX21vbmV5Ijo3NS4wLCJ3ZWJ1c2VyIjp7ImlkIjoxLCJ1c2VybmFtZSI6InpoYW5nc2FuIiwibmlja25hbWUiOiJcdTVmMjBcdTRlMDkiLCJwYXNzd29yZF9oYXNoIjoiMWUxOTFkODUxYjNiNDlhMjQ4ZjRlYTYyZjZiMDY0MTAiLCJwYXNzd29yZF9zYWx0IjoiMTIzNDU2Iiwic3RhdHVzIjoxLCJjcmVhdGVfYXQiOiIyMDE4LTA4LTA4IDE4OjE4OjE4IiwidXBkYXRlX2F0IjoiMjAxOC0wOS0wNyAwODowNjo1NSJ9LCJjYXJ0bGlzdCI6eyIxIjp7ImlkIjoxLCJzaG9wX2lkIjoxLCJjYXRlZ29yeV9pZCI6MSwiY292ZXJfcGljIjoiMTUzNjY1NzYyMC41NDg1NzA0LndlYnAiLCJuYW1lIjoiXHU3ZWEyXHU3MGU3XHU4MDg5K1x1NzJlZVx1NWI1MFx1NTkzNCtcdTk5NmVcdTY1OTkiLCJwcmljZSI6MjUuMCwic3RhdHVzIjoxLCJjcmVhdGVfYXQiOiIyMDE4LTA5LTExIDA5OjIwOjIwIiwidXBkYXRlX2F0IjoiMjAxOC0wOS0xMSAwOTozMDoyNSIsIm51bSI6M319fQ==','2018-10-28 07:19:03.302978'),('aipm3vh8mzitcetj67c6wn6opxr7eeu3','NzQzNzcyMThkNDIxNTUxODBjZmM0ODk3NDczNjNkOTcxZjk2NTljNjp7Im1lbWJlcl91c2VyIjp7ImlkIjoxNiwibmlja25hbWUiOiJcdTk4N2VcdTViYTIiLCJhdmF0YXIiOiJtb3Jlbi5wbmciLCJtb2JpbGUiOiIxOTkxOTk0MDM0NCIsInN0YXR1cyI6MSwiY3JlYXRlX2F0IjoiMjAxOC0xMS0xMiAwODowMDo1MSIsInVwZGF0ZV9hdCI6IjIwMTgtMTEtMTIgMDg6MDA6NTEifSwic2hvcGluZm8iOnsiaWQiOjEsIm5hbWUiOiJcdTc1MzBcdTgwMDFcdTVlMDhcdTdlYTJcdTcwZTdcdTgwODkiLCJzaG9wIjoiXHU2NzFkXHU5NjMzXHU1YzA2XHU1M2YwXHU4ZGVmXHU1ZTk3IiwiY292ZXJfcGljIjoiMTIzNDEyMzQuanBnIiwiYmFubmVyX3BpYyI6ImxnLmpwZyIsImFkZHJlc3MiOiJcdTUzMTdcdTRlYWNcdTVlMDJcdTY3MWRcdTk2MzNcdTUzM2FcdTVjMDZcdTUzZjBcdTRlNjFcdTRlMWNcdTUxNmJcdTk1ZjRcdTYyM2ZcdTY3NTFcdTg5N2ZcdTRlMzQ4XHU1M2Y3IiwicGhvbmUiOiIxMjM0NTY3ODkwNSIsInN0YXR1cyI6MSwiY3JlYXRlX2F0IjoiMjAxOC0wOC0yMCAxMDoxMjozNCIsInVwZGF0ZV9hdCI6IjIwMTgtMDktMDIgMTI6MzQ6NTYifX0=','2018-11-26 08:01:51.182226'),('dgjxbgmu65a375dj0fytzx81ov9stblv','NWNmZjZjMTI5MjAzNzc3MzVjOGUxYWY3NjlmY2NiMmQxMWIyYWIxNzp7InZlcmlmeWNvZGUiOiIzODg1IiwiYWRtaW51c2VyIjp7ImlkIjoxLCJ1c2VybmFtZSI6InpoYW5nc2FuIiwibmlja25hbWUiOiJcdTVmMjBcdTRlMDkiLCJwYXNzd29yZF9oYXNoIjoiMWUxOTFkODUxYjNiNDlhMjQ4ZjRlYTYyZjZiMDY0MTAiLCJwYXNzd29yZF9zYWx0IjoiMTIzNDU2Iiwic3RhdHVzIjoxLCJjcmVhdGVfYXQiOiIyMDE4LTA4LTA4IDE4OjE4OjE4IiwidXBkYXRlX2F0IjoiMjAxOC0wOS0wNyAwODowNjo1NSJ9fQ==','2018-11-17 03:20:57.520996'),('dhetsk091yjergo3rkrk4ght1krjj5b5','YzI1NDBjNGZjNjNkMjJjMmY3ZTdhNjM2ZWFhZDY4MGY5ZDZkYzgxYTp7InZlcmlmeWNvZGUiOiIyNTI1IiwiYWRtaW51c2VyIjp7ImlkIjoxLCJ1c2VybmFtZSI6InpoYW5nc2FuIiwibmlja25hbWUiOiJcdTVmMjBcdTRlMDkiLCJwYXNzd29yZF9oYXNoIjoiMWUxOTFkODUxYjNiNDlhMjQ4ZjRlYTYyZjZiMDY0MTAiLCJwYXNzd29yZF9zYWx0IjoiMTIzNDU2Iiwic3RhdHVzIjoxLCJjcmVhdGVfYXQiOiIyMDE4LTA4LTA4IDE4OjE4OjE4IiwidXBkYXRlX2F0IjoiMjAxOC0wOS0wNyAwODowNjo1NSJ9LCJzaG9waW5mbyI6eyJpZCI6MSwibmFtZSI6Ilx1NzUzMFx1ODAwMVx1NWUwOFx1N2VhMlx1NzBlN1x1ODA4OSIsInNob3AiOiJcdTY3MWRcdTk2MzNcdTVjMDZcdTUzZjBcdThkZWZcdTVlOTciLCJjb3Zlcl9waWMiOiIxMjM0MTIzNC5qcGciLCJiYW5uZXJfcGljIjoibGcuanBnIiwiYWRkcmVzcyI6Ilx1NTMxN1x1NGVhY1x1NWUwMlx1NjcxZFx1OTYzM1x1NTMzYVx1NWMwNlx1NTNmMFx1NGU2MVx1NGUxY1x1NTE2Ylx1OTVmNFx1NjIzZlx1Njc1MVx1ODk3Zlx1NGUzNDhcdTUzZjciLCJwaG9uZSI6IjEyMzQ1Njc4OTA1Iiwic3RhdHVzIjoxLCJjcmVhdGVfYXQiOiIyMDE4LTA4LTIwIDEwOjEyOjM0IiwidXBkYXRlX2F0IjoiMjAxOC0wOS0wMiAxMjozNDo1NiJ9LCJjYXRlZ29yeWlkcyI6WzEsMiwzLDRdLCJjYXRlZ29yeWxpc3QiOnsiMSI6eyJpZCI6MSwibmFtZSI6Ilx1NTNjY1x1NjJmY1x1NTk1N1x1OTkxMCIsInBpZHMiOlt7ImlkIjoxLCJzaG9wX2lkIjoxLCJjYXRlZ29yeV9pZCI6MSwiY292ZXJfcGljIjoiMTUzNjY1NzYyMC41NDg1NzA0LndlYnAiLCJuYW1lIjoiXHU3ZWEyXHU3MGU3XHU4MDg5K1x1NzJlZVx1NWI1MFx1NTkzNCtcdTk5NmVcdTY1OTkiLCJwcmljZSI6MjUuMCwic3RhdHVzIjoxLCJjcmVhdGVfYXQiOiIyMDE4LTA5LTExIDA5OjIwOjIwIiwidXBkYXRlX2F0IjoiMjAxOC0wOS0xMSAwOTozMDoyNSJ9LHsiaWQiOjIsInNob3BfaWQiOjEsImNhdGVnb3J5X2lkIjoxLCJjb3Zlcl9waWMiOiIxNTM2NjU4MzUyLjkzNDE1NTcud2VicCIsIm5hbWUiOiJcdTdlYTJcdTcwZTdcdTgwODkrXHU3NTZhXHU4MzA0XHU5ZTIxXHU4NmNiIiwicHJpY2UiOjIyLjAsInN0YXR1cyI6MSwiY3JlYXRlX2F0IjoiMjAxOC0wOS0xMSAwOTozMjozMiIsInVwZGF0ZV9hdCI6IjIwMTgtMDktMTEgMDk6MzI6MzIifSx7ImlkIjozLCJzaG9wX2lkIjoxLCJjYXRlZ29yeV9pZCI6MSwiY292ZXJfcGljIjoiMTUzNjY1ODQxNS42ODM4MDAyLndlYnAiLCJuYW1lIjoiXHU2ODg1XHU4M2RjXHU2MjYzXHU4MDg5K1x1NzU2YVx1ODMwNFx1OWUyMVx1ODZjYiIsInByaWNlIjoyMi4wLCJzdGF0dXMiOjEsImNyZWF0ZV9hdCI6IjIwMTgtMDktMTEgMDk6MzM6MzUiLCJ1cGRhdGVfYXQiOiIyMDE4LTA5LTExIDA5OjMzOjM1In0seyJpZCI6NCwic2hvcF9pZCI6MSwiY2F0ZWdvcnlfaWQiOjEsImNvdmVyX3BpYyI6IjE1MzY2NTg1NzQuMjg0NzM3My53ZWJwIiwibmFtZSI6Ilx1ODBhNVx1NzI1YitcdTc1NmFcdTgzMDRcdTllMjFcdTg2Y2IiLCJwcmljZSI6MjIuMCwic3RhdHVzIjoxLCJjcmVhdGVfYXQiOiIyMDE4LTA5LTExIDA5OjM2OjE0IiwidXBkYXRlX2F0IjoiMjAxOC0wOS0xMSAwOTozNjoxNCJ9XX0sIjIiOnsiaWQiOjIsIm5hbWUiOiJcdTc2ZDZcdTk5NmQiLCJwaWRzIjpbeyJpZCI6NSwic2hvcF9pZCI6MSwiY2F0ZWdvcnlfaWQiOjIsImNvdmVyX3BpYyI6IjE1MzY2NTg2NTkuMDQ0Njk5Mi53ZWJwIiwibmFtZSI6Ilx1Njg4NVx1ODNkY1x1NjI2M1x1ODA4OVx1OTk2ZCIsInByaWNlIjoxOS4wLCJzdGF0dXMiOjEsImNyZWF0ZV9hdCI6IjIwMTgtMDktMTEgMDk6Mzc6MzkiLCJ1cGRhdGVfYXQiOiIyMDE4LTA5LTExIDA5OjM3OjM5In0seyJpZCI6Niwic2hvcF9pZCI6MSwiY2F0ZWdvcnlfaWQiOjIsImNvdmVyX3BpYyI6IjE1MzY2NTg4MjQuMzk3NjUwNS53ZWJwIiwibmFtZSI6Ilx1NjcyOFx1OTg3Ylx1ODA4OVx1OTk2ZCIsInByaWNlIjoxNi4wLCJzdGF0dXMiOjEsImNyZWF0ZV9hdCI6IjIwMTgtMDktMTEgMDk6NDA6MjQiLCJ1cGRhdGVfYXQiOiIyMDE4LTA5LTExIDA5OjQwOjI0In0seyJpZCI6Nywic2hvcF9pZCI6MSwiY2F0ZWdvcnlfaWQiOjIsImNvdmVyX3BpYyI6IjE1MzY2NTg4NjMuNjczMjg1NS53ZWJwIiwibmFtZSI6Ilx1ODBhNVx1NzI1Ylx1OTk2ZCIsInByaWNlIjoxOS4wLCJzdGF0dXMiOjEsImNyZWF0ZV9hdCI6IjIwMTgtMDktMTEgMDk6NDE6MDMiLCJ1cGRhdGVfYXQiOiIyMDE4LTA5LTExIDA5OjQxOjAzIn0seyJpZCI6OCwic2hvcF9pZCI6MSwiY2F0ZWdvcnlfaWQiOjIsImNvdmVyX3BpYyI6IjE1MzY2NTg5NjAuMzk1NDEzNC53ZWJwIiwibmFtZSI6Ilx1NjVlMFx1OWFhOFx1NTQ5Nlx1NTViMVx1OWUyMVx1OTk2ZCIsInByaWNlIjoxOC4wLCJzdGF0dXMiOjEsImNyZWF0ZV9hdCI6IjIwMTgtMDktMTEgMDk6NDI6NDAiLCJ1cGRhdGVfYXQiOiIyMDE4LTA5LTExIDA5OjQyOjQwIn1dfSwiMyI6eyJpZCI6MywibmFtZSI6Ilx1NWMwZlx1ODNkYyIsInBpZHMiOlt7ImlkIjo5LCJzaG9wX2lkIjoxLCJjYXRlZ29yeV9pZCI6MywiY292ZXJfcGljIjoiMTUzNjY1OTA2NS43OTcyNjM2LndlYnAiLCJuYW1lIjoiXHU1MzU1XHU0ZWZkXHU3NTZhXHU4MzA0XHU5ZTIxXHU4NmNiIiwicHJpY2UiOjguMCwic3RhdHVzIjoxLCJjcmVhdGVfYXQiOiIyMDE4LTA5LTExIDA5OjQ0OjI1IiwidXBkYXRlX2F0IjoiMjAxOC0wOS0xMSAwOTo0NDoyNSJ9LHsiaWQiOjEwLCJzaG9wX2lkIjoxLCJjYXRlZ29yeV9pZCI6MywiY292ZXJfcGljIjoiMTUzNjY1OTExNC4wNDQwMjM1LndlYnAiLCJuYW1lIjoiXHU1MzU1XHU0ZWZkXHU2NzI4XHU5ODdiXHU4MDg5IiwicHJpY2UiOjguMCwic3RhdHVzIjoxLCJjcmVhdGVfYXQiOiIyMDE4LTA5LTExIDA5OjQ1OjE0IiwidXBkYXRlX2F0IjoiMjAxOC0wOS0xMSAwOTo0NToxNCJ9LHsiaWQiOjExLCJzaG9wX2lkIjoxLCJjYXRlZ29yeV9pZCI6MywiY292ZXJfcGljIjoiMTUzNjY1OTE5Ny43MjMxMjIxLndlYnAiLCJuYW1lIjoiXHU4M2RjXHU1ZmMzIiwicHJpY2UiOjYuMCwic3RhdHVzIjoxLCJjcmVhdGVfYXQiOiIyMDE4LTA5LTExIDA5OjQ2OjM3IiwidXBkYXRlX2F0IjoiMjAxOC0wOS0xMSAwOTo0NjozNyJ9LHsiaWQiOjEyLCJzaG9wX2lkIjoxLCJjYXRlZ29yeV9pZCI6MywiY292ZXJfcGljIjoiMTUzNjY1OTI1My44ODQyNzE2LndlYnAiLCJuYW1lIjoiXHU1MzU1XHU0ZWZkXHU5OTk5XHU4ZmEzXHU3YjBiXHU1ZTcyXHU3MGU3XHU4MDg5IiwicHJpY2UiOjE1LjAsInN0YXR1cyI6MSwiY3JlYXRlX2F0IjoiMjAxOC0wOS0xMSAwOTo0NzozMyIsInVwZGF0ZV9hdCI6IjIwMTgtMDktMTEgMDk6NDc6MzMifV19LCI0Ijp7ImlkIjo0LCJuYW1lIjoiXHU2YzY0L1x1OTk2ZVx1NjU5OSIsInBpZHMiOlt7ImlkIjoxMywic2hvcF9pZCI6MSwiY2F0ZWdvcnlfaWQiOjQsImNvdmVyX3BpYyI6IjE1MzY2NTkzMTEuODY5OTQ5My53ZWJwIiwibmFtZSI6Ilx1NzU2YVx1ODMwNFx1ODZjYlx1ODJiMVx1NmM2NCIsInByaWNlIjo0LjAsInN0YXR1cyI6MSwiY3JlYXRlX2F0IjoiMjAxOC0wOS0xMSAwOTo0ODozMSIsInVwZGF0ZV9hdCI6IjIwMTgtMDktMTEgMDk6NDg6MzEifSx7ImlkIjoxNCwic2hvcF9pZCI6MSwiY2F0ZWdvcnlfaWQiOjQsImNvdmVyX3BpYyI6IjE1MzY2NTkzNjQuNzg5MjUxMy53ZWJwIiwibmFtZSI6Ilx1NzM4Ylx1ODAwMVx1NTQwOSIsInByaWNlIjo2LjAsInN0YXR1cyI6MSwiY3JlYXRlX2F0IjoiMjAxOC0wOS0xMSAwOTo0OToyNCIsInVwZGF0ZV9hdCI6IjIwMTgtMDktMTEgMDk6NDk6MjQifSx7ImlkIjoxNSwic2hvcF9pZCI6MSwiY2F0ZWdvcnlfaWQiOjQsImNvdmVyX3BpYyI6IjE1MzY2NTk1NjMuMzg5NzY0OC53ZWJwIiwibmFtZSI6Ilx1Njc5Y1x1N2M5Mlx1NmE1OSIsInByaWNlIjo1LjAsInN0YXR1cyI6MSwiY3JlYXRlX2F0IjoiMjAxOC0wOS0xMSAwOTo1Mjo0MyIsInVwZGF0ZV9hdCI6IjIwMTgtMDktMTEgMDk6NTI6NDMifSx7ImlkIjoxNiwic2hvcF9pZCI6MSwiY2F0ZWdvcnlfaWQiOjQsImNvdmVyX3BpYyI6IjE1MzY2NTk2MDUuNTU2MTc3MS53ZWJwIiwibmFtZSI6Ilx1NzdmZlx1NmNjOVx1NmMzNCIsInByaWNlIjozLjAsInN0YXR1cyI6MSwiY3JlYXRlX2F0IjoiMjAxOC0wOS0xMSAwOTo1MzoyNSIsInVwZGF0ZV9hdCI6IjIwMTgtMDktMTEgMDk6NTM6MjUifSx7ImlkIjoxNywic2hvcF9pZCI6MSwiY2F0ZWdvcnlfaWQiOjQsImNvdmVyX3BpYyI6IjE1MzY2NTk2ODguNDg1NjE1Ny53ZWJwIiwibmFtZSI6Ilx1NGU0Y1x1Njg4NVx1NmM0MSIsInByaWNlIjo0LjAsInN0YXR1cyI6MSwiY3JlYXRlX2F0IjoiMjAxOC0wOS0xMSAwOTo1NDo0OCIsInVwZGF0ZV9hdCI6IjIwMTgtMDktMTEgMDk6NTQ6NDgifV19fSwicHJvZHVjdGxpc3QiOnsiMSI6eyJpZCI6MSwic2hvcF9pZCI6MSwiY2F0ZWdvcnlfaWQiOjEsImNvdmVyX3BpYyI6IjE1MzY2NTc2MjAuNTQ4NTcwNC53ZWJwIiwibmFtZSI6Ilx1N2VhMlx1NzBlN1x1ODA4OStcdTcyZWVcdTViNTBcdTU5MzQrXHU5OTZlXHU2NTk5IiwicHJpY2UiOjI1LjAsInN0YXR1cyI6MSwiY3JlYXRlX2F0IjoiMjAxOC0wOS0xMSAwOToyMDoyMCIsInVwZGF0ZV9hdCI6IjIwMTgtMDktMTEgMDk6MzA6MjUiLCJudW0iOjF9LCIyIjp7ImlkIjoyLCJzaG9wX2lkIjoxLCJjYXRlZ29yeV9pZCI6MSwiY292ZXJfcGljIjoiMTUzNjY1ODM1Mi45MzQxNTU3LndlYnAiLCJuYW1lIjoiXHU3ZWEyXHU3MGU3XHU4MDg5K1x1NzU2YVx1ODMwNFx1OWUyMVx1ODZjYiIsInByaWNlIjoyMi4wLCJzdGF0dXMiOjEsImNyZWF0ZV9hdCI6IjIwMTgtMDktMTEgMDk6MzI6MzIiLCJ1cGRhdGVfYXQiOiIyMDE4LTA5LTExIDA5OjMyOjMyIiwibnVtIjoxfSwiMyI6eyJpZCI6Mywic2hvcF9pZCI6MSwiY2F0ZWdvcnlfaWQiOjEsImNvdmVyX3BpYyI6IjE1MzY2NTg0MTUuNjgzODAwMi53ZWJwIiwibmFtZSI6Ilx1Njg4NVx1ODNkY1x1NjI2M1x1ODA4OStcdTc1NmFcdTgzMDRcdTllMjFcdTg2Y2IiLCJwcmljZSI6MjIuMCwic3RhdHVzIjoxLCJjcmVhdGVfYXQiOiIyMDE4LTA5LTExIDA5OjMzOjM1IiwidXBkYXRlX2F0IjoiMjAxOC0wOS0xMSAwOTozMzozNSIsIm51bSI6MX0sIjQiOnsiaWQiOjQsInNob3BfaWQiOjEsImNhdGVnb3J5X2lkIjoxLCJjb3Zlcl9waWMiOiIxNTM2NjU4NTc0LjI4NDczNzMud2VicCIsIm5hbWUiOiJcdTgwYTVcdTcyNWIrXHU3NTZhXHU4MzA0XHU5ZTIxXHU4NmNiIiwicHJpY2UiOjIyLjAsInN0YXR1cyI6MSwiY3JlYXRlX2F0IjoiMjAxOC0wOS0xMSAwOTozNjoxNCIsInVwZGF0ZV9hdCI6IjIwMTgtMDktMTEgMDk6MzY6MTQiLCJudW0iOjF9LCI1Ijp7ImlkIjo1LCJzaG9wX2lkIjoxLCJjYXRlZ29yeV9pZCI6MiwiY292ZXJfcGljIjoiMTUzNjY1ODY1OS4wNDQ2OTkyLndlYnAiLCJuYW1lIjoiXHU2ODg1XHU4M2RjXHU2MjYzXHU4MDg5XHU5OTZkIiwicHJpY2UiOjE5LjAsInN0YXR1cyI6MSwiY3JlYXRlX2F0IjoiMjAxOC0wOS0xMSAwOTozNzozOSIsInVwZGF0ZV9hdCI6IjIwMTgtMDktMTEgMDk6Mzc6MzkifSwiNiI6eyJpZCI6Niwic2hvcF9pZCI6MSwiY2F0ZWdvcnlfaWQiOjIsImNvdmVyX3BpYyI6IjE1MzY2NTg4MjQuMzk3NjUwNS53ZWJwIiwibmFtZSI6Ilx1NjcyOFx1OTg3Ylx1ODA4OVx1OTk2ZCIsInByaWNlIjoxNi4wLCJzdGF0dXMiOjEsImNyZWF0ZV9hdCI6IjIwMTgtMDktMTEgMDk6NDA6MjQiLCJ1cGRhdGVfYXQiOiIyMDE4LTA5LTExIDA5OjQwOjI0IiwibnVtIjoxfSwiNyI6eyJpZCI6Nywic2hvcF9pZCI6MSwiY2F0ZWdvcnlfaWQiOjIsImNvdmVyX3BpYyI6IjE1MzY2NTg4NjMuNjczMjg1NS53ZWJwIiwibmFtZSI6Ilx1ODBhNVx1NzI1Ylx1OTk2ZCIsInByaWNlIjoxOS4wLCJzdGF0dXMiOjEsImNyZWF0ZV9hdCI6IjIwMTgtMDktMTEgMDk6NDE6MDMiLCJ1cGRhdGVfYXQiOiIyMDE4LTA5LTExIDA5OjQxOjAzIn0sIjgiOnsiaWQiOjgsInNob3BfaWQiOjEsImNhdGVnb3J5X2lkIjoyLCJjb3Zlcl9waWMiOiIxNTM2NjU4OTYwLjM5NTQxMzQud2VicCIsIm5hbWUiOiJcdTY1ZTBcdTlhYThcdTU0OTZcdTU1YjFcdTllMjFcdTk5NmQiLCJwcmljZSI6MTguMCwic3RhdHVzIjoxLCJjcmVhdGVfYXQiOiIyMDE4LTA5LTExIDA5OjQyOjQwIiwidXBkYXRlX2F0IjoiMjAxOC0wOS0xMSAwOTo0Mjo0MCJ9LCI5Ijp7ImlkIjo5LCJzaG9wX2lkIjoxLCJjYXRlZ29yeV9pZCI6MywiY292ZXJfcGljIjoiMTUzNjY1OTA2NS43OTcyNjM2LndlYnAiLCJuYW1lIjoiXHU1MzU1XHU0ZWZkXHU3NTZhXHU4MzA0XHU5ZTIxXHU4NmNiIiwicHJpY2UiOjguMCwic3RhdHVzIjoxLCJjcmVhdGVfYXQiOiIyMDE4LTA5LTExIDA5OjQ0OjI1IiwidXBkYXRlX2F0IjoiMjAxOC0wOS0xMSAwOTo0NDoyNSJ9LCIxMCI6eyJpZCI6MTAsInNob3BfaWQiOjEsImNhdGVnb3J5X2lkIjozLCJjb3Zlcl9waWMiOiIxNTM2NjU5MTE0LjA0NDAyMzUud2VicCIsIm5hbWUiOiJcdTUzNTVcdTRlZmRcdTY3MjhcdTk4N2JcdTgwODkiLCJwcmljZSI6OC4wLCJzdGF0dXMiOjEsImNyZWF0ZV9hdCI6IjIwMTgtMDktMTEgMDk6NDU6MTQiLCJ1cGRhdGVfYXQiOiIyMDE4LTA5LTExIDA5OjQ1OjE0IiwibnVtIjoxfSwiMTEiOnsiaWQiOjExLCJzaG9wX2lkIjoxLCJjYXRlZ29yeV9pZCI6MywiY292ZXJfcGljIjoiMTUzNjY1OTE5Ny43MjMxMjIxLndlYnAiLCJuYW1lIjoiXHU4M2RjXHU1ZmMzIiwicHJpY2UiOjYuMCwic3RhdHVzIjoxLCJjcmVhdGVfYXQiOiIyMDE4LTA5LTExIDA5OjQ2OjM3IiwidXBkYXRlX2F0IjoiMjAxOC0wOS0xMSAwOTo0NjozNyIsIm51bSI6MX0sIjEyIjp7ImlkIjoxMiwic2hvcF9pZCI6MSwiY2F0ZWdvcnlfaWQiOjMsImNvdmVyX3BpYyI6IjE1MzY2NTkyNTMuODg0MjcxNi53ZWJwIiwibmFtZSI6Ilx1NTM1NVx1NGVmZFx1OTk5OVx1OGZhM1x1N2IwYlx1NWU3Mlx1NzBlN1x1ODA4OSIsInByaWNlIjoxNS4wLCJzdGF0dXMiOjEsImNyZWF0ZV9hdCI6IjIwMTgtMDktMTEgMDk6NDc6MzMiLCJ1cGRhdGVfYXQiOiIyMDE4LTA5LTExIDA5OjQ3OjMzIn0sIjEzIjp7ImlkIjoxMywic2hvcF9pZCI6MSwiY2F0ZWdvcnlfaWQiOjQsImNvdmVyX3BpYyI6IjE1MzY2NTkzMTEuODY5OTQ5My53ZWJwIiwibmFtZSI6Ilx1NzU2YVx1ODMwNFx1ODZjYlx1ODJiMVx1NmM2NCIsInByaWNlIjo0LjAsInN0YXR1cyI6MSwiY3JlYXRlX2F0IjoiMjAxOC0wOS0xMSAwOTo0ODozMSIsInVwZGF0ZV9hdCI6IjIwMTgtMDktMTEgMDk6NDg6MzEifSwiMTQiOnsiaWQiOjE0LCJzaG9wX2lkIjoxLCJjYXRlZ29yeV9pZCI6NCwiY292ZXJfcGljIjoiMTUzNjY1OTM2NC43ODkyNTEzLndlYnAiLCJuYW1lIjoiXHU3MzhiXHU4MDAxXHU1NDA5IiwicHJpY2UiOjYuMCwic3RhdHVzIjoxLCJjcmVhdGVfYXQiOiIyMDE4LTA5LTExIDA5OjQ5OjI0IiwidXBkYXRlX2F0IjoiMjAxOC0wOS0xMSAwOTo0OToyNCJ9LCIxNSI6eyJpZCI6MTUsInNob3BfaWQiOjEsImNhdGVnb3J5X2lkIjo0LCJjb3Zlcl9waWMiOiIxNTM2NjU5NTYzLjM4OTc2NDgud2VicCIsIm5hbWUiOiJcdTY3OWNcdTdjOTJcdTZhNTkiLCJwcmljZSI6NS4wLCJzdGF0dXMiOjEsImNyZWF0ZV9hdCI6IjIwMTgtMDktMTEgMDk6NTI6NDMiLCJ1cGRhdGVfYXQiOiIyMDE4LTA5LTExIDA5OjUyOjQzIn0sIjE2Ijp7ImlkIjoxNiwic2hvcF9pZCI6MSwiY2F0ZWdvcnlfaWQiOjQsImNvdmVyX3BpYyI6IjE1MzY2NTk2MDUuNTU2MTc3MS53ZWJwIiwibmFtZSI6Ilx1NzdmZlx1NmNjOVx1NmMzNCIsInByaWNlIjozLjAsInN0YXR1cyI6MSwiY3JlYXRlX2F0IjoiMjAxOC0wOS0xMSAwOTo1MzoyNSIsInVwZGF0ZV9hdCI6IjIwMTgtMDktMTEgMDk6NTM6MjUifSwiMTciOnsiaWQiOjE3LCJzaG9wX2lkIjoxLCJjYXRlZ29yeV9pZCI6NCwiY292ZXJfcGljIjoiMTUzNjY1OTY4OC40ODU2MTU3LndlYnAiLCJuYW1lIjoiXHU0ZTRjXHU2ODg1XHU2YzQxIiwicHJpY2UiOjQuMCwic3RhdHVzIjoxLCJjcmVhdGVfYXQiOiIyMDE4LTA5LTExIDA5OjU0OjQ4IiwidXBkYXRlX2F0IjoiMjAxOC0wOS0xMSAwOTo1NDo0OCIsIm51bSI6MX19LCJ3ZWJ1c2VyIjp7ImlkIjoxLCJ1c2VybmFtZSI6InpoYW5nc2FuIiwibmlja25hbWUiOiJcdTVmMjBcdTRlMDkiLCJwYXNzd29yZF9oYXNoIjoiMWUxOTFkODUxYjNiNDlhMjQ4ZjRlYTYyZjZiMDY0MTAiLCJwYXNzd29yZF9zYWx0IjoiMTIzNDU2Iiwic3RhdHVzIjoxLCJjcmVhdGVfYXQiOiIyMDE4LTA4LTA4IDE4OjE4OjE4IiwidXBkYXRlX2F0IjoiMjAxOC0wOS0wNyAwODowNjo1NSJ9LCJjYXJ0bGlzdCI6eyI0Ijp7ImlkIjo0LCJzaG9wX2lkIjoxLCJjYXRlZ29yeV9pZCI6MSwiY292ZXJfcGljIjoiMTUzNjY1ODU3NC4yODQ3MzczLndlYnAiLCJuYW1lIjoiXHU4MGE1XHU3MjViK1x1NzU2YVx1ODMwNFx1OWUyMVx1ODZjYiIsInByaWNlIjoyMi4wLCJzdGF0dXMiOjEsImNyZWF0ZV9hdCI6IjIwMTgtMDktMTEgMDk6MzY6MTQiLCJ1cGRhdGVfYXQiOiIyMDE4LTA5LTExIDA5OjM2OjE0IiwibnVtIjoyfSwiMyI6eyJpZCI6Mywic2hvcF9pZCI6MSwiY2F0ZWdvcnlfaWQiOjEsImNvdmVyX3BpYyI6IjE1MzY2NTg0MTUuNjgzODAwMi53ZWJwIiwibmFtZSI6Ilx1Njg4NVx1ODNkY1x1NjI2M1x1ODA4OStcdTc1NmFcdTgzMDRcdTllMjFcdTg2Y2IiLCJwcmljZSI6MjIuMCwic3RhdHVzIjoxLCJjcmVhdGVfYXQiOiIyMDE4LTA5LTExIDA5OjMzOjM1IiwidXBkYXRlX2F0IjoiMjAxOC0wOS0xMSAwOTozMzozNSIsIm51bSI6MX0sIjEwIjp7ImlkIjoxMCwic2hvcF9pZCI6MSwiY2F0ZWdvcnlfaWQiOjMsImNvdmVyX3BpYyI6IjE1MzY2NTkxMTQuMDQ0MDIzNS53ZWJwIiwibmFtZSI6Ilx1NTM1NVx1NGVmZFx1NjcyOFx1OTg3Ylx1ODA4OSIsInByaWNlIjo4LjAsInN0YXR1cyI6MSwiY3JlYXRlX2F0IjoiMjAxOC0wOS0xMSAwOTo0NToxNCIsInVwZGF0ZV9hdCI6IjIwMTgtMDktMTEgMDk6NDU6MTQiLCJudW0iOjF9LCIyIjp7ImlkIjoyLCJzaG9wX2lkIjoxLCJjYXRlZ29yeV9pZCI6MSwiY292ZXJfcGljIjoiMTUzNjY1ODM1Mi45MzQxNTU3LndlYnAiLCJuYW1lIjoiXHU3ZWEyXHU3MGU3XHU4MDg5K1x1NzU2YVx1ODMwNFx1OWUyMVx1ODZjYiIsInByaWNlIjoyMi4wLCJzdGF0dXMiOjEsImNyZWF0ZV9hdCI6IjIwMTgtMDktMTEgMDk6MzI6MzIiLCJ1cGRhdGVfYXQiOiIyMDE4LTA5LTExIDA5OjMyOjMyIiwibnVtIjoxfX19','2018-10-10 11:01:44.243416'),('eh7iewfhs39kds8jyvsd6qs2e6n9sfpw','MTJjNmYxYjg5MTFlMWQzZmU1ZTA2NmFhM2Y5MmI3NjU4OTA5MTQ2Mjp7InZlcmlmeWNvZGUiOiIyMTk5Iiwid2VidXNlciI6eyJpZCI6MSwidXNlcm5hbWUiOiJ6aGFuZ3NhbiIsIm5pY2tuYW1lIjoiXHU1ZjIwXHU0ZTA5IiwicGFzc3dvcmRfaGFzaCI6IjFlMTkxZDg1MWIzYjQ5YTI0OGY0ZWE2MmY2YjA2NDEwIiwicGFzc3dvcmRfc2FsdCI6IjEyMzQ1NiIsInN0YXR1cyI6MSwiY3JlYXRlX2F0IjoiMjAxOC0wOC0wOCAxODoxODoxOCIsInVwZGF0ZV9hdCI6IjIwMTgtMDktMDcgMDg6MDY6NTUifSwic2hvcGluZm8iOnsiaWQiOjEsIm5hbWUiOiJcdTc1MzBcdTgwMDFcdTVlMDhcdTdlYTJcdTcwZTdcdTgwODkiLCJzaG9wIjoiXHU2NzFkXHU5NjMzXHU1YzA2XHU1M2YwXHU4ZGVmXHU1ZTk3IiwiY292ZXJfcGljIjoiMTIzNDEyMzQuanBnIiwiYmFubmVyX3BpYyI6ImxnLmpwZyIsImFkZHJlc3MiOiJcdTUzMTdcdTRlYWNcdTVlMDJcdTY3MWRcdTk2MzNcdTUzM2FcdTVjMDZcdTUzZjBcdTRlNjFcdTRlMWNcdTUxNmJcdTk1ZjRcdTYyM2ZcdTY3NTFcdTg5N2ZcdTRlMzQ4XHU1M2Y3IiwicGhvbmUiOiIxMjM0NTY3ODkwNSIsInN0YXR1cyI6MSwiY3JlYXRlX2F0IjoiMjAxOC0wOC0yMCAxMDoxMjozNCIsInVwZGF0ZV9hdCI6IjIwMTgtMDktMDIgMTI6MzQ6NTYifSwiY2F0ZWdvcnlpZHMiOlsxLDIsMyw0XSwiY2F0ZWdvcnlsaXN0Ijp7IjEiOnsiaWQiOjEsIm5hbWUiOiJcdTUzY2NcdTYyZmNcdTU5NTdcdTk5MTAiLCJwaWRzIjpbeyJpZCI6MSwic2hvcF9pZCI6MSwiY2F0ZWdvcnlfaWQiOjEsImNvdmVyX3BpYyI6IjE1MzY2NTc2MjAuNTQ4NTcwNC53ZWJwIiwibmFtZSI6Ilx1N2VhMlx1NzBlN1x1ODA4OStcdTcyZWVcdTViNTBcdTU5MzQrXHU5OTZlXHU2NTk5IiwicHJpY2UiOjI1LjAsInN0YXR1cyI6MSwiY3JlYXRlX2F0IjoiMjAxOC0wOS0xMSAwOToyMDoyMCIsInVwZGF0ZV9hdCI6IjIwMTgtMDktMTEgMDk6MzA6MjUifSx7ImlkIjoyLCJzaG9wX2lkIjoxLCJjYXRlZ29yeV9pZCI6MSwiY292ZXJfcGljIjoiMTUzNjY1ODM1Mi45MzQxNTU3LndlYnAiLCJuYW1lIjoiXHU3ZWEyXHU3MGU3XHU4MDg5K1x1NzU2YVx1ODMwNFx1OWUyMVx1ODZjYiIsInByaWNlIjoyMi4wLCJzdGF0dXMiOjEsImNyZWF0ZV9hdCI6IjIwMTgtMDktMTEgMDk6MzI6MzIiLCJ1cGRhdGVfYXQiOiIyMDE4LTA5LTExIDA5OjMyOjMyIn0seyJpZCI6Mywic2hvcF9pZCI6MSwiY2F0ZWdvcnlfaWQiOjEsImNvdmVyX3BpYyI6IjE1MzY2NTg0MTUuNjgzODAwMi53ZWJwIiwibmFtZSI6Ilx1Njg4NVx1ODNkY1x1NjI2M1x1ODA4OStcdTc1NmFcdTgzMDRcdTllMjFcdTg2Y2IiLCJwcmljZSI6MjIuMCwic3RhdHVzIjoxLCJjcmVhdGVfYXQiOiIyMDE4LTA5LTExIDA5OjMzOjM1IiwidXBkYXRlX2F0IjoiMjAxOC0wOS0xMSAwOTozMzozNSJ9LHsiaWQiOjQsInNob3BfaWQiOjEsImNhdGVnb3J5X2lkIjoxLCJjb3Zlcl9waWMiOiIxNTM2NjU4NTc0LjI4NDczNzMud2VicCIsIm5hbWUiOiJcdTgwYTVcdTcyNWIrXHU3NTZhXHU4MzA0XHU5ZTIxXHU4NmNiIiwicHJpY2UiOjIyLjAsInN0YXR1cyI6MSwiY3JlYXRlX2F0IjoiMjAxOC0wOS0xMSAwOTozNjoxNCIsInVwZGF0ZV9hdCI6IjIwMTgtMDktMTEgMDk6MzY6MTQifV19LCIyIjp7ImlkIjoyLCJuYW1lIjoiXHU3NmQ2XHU5OTZkIiwicGlkcyI6W3siaWQiOjUsInNob3BfaWQiOjEsImNhdGVnb3J5X2lkIjoyLCJjb3Zlcl9waWMiOiIxNTM2NjU4NjU5LjA0NDY5OTIud2VicCIsIm5hbWUiOiJcdTY4ODVcdTgzZGNcdTYyNjNcdTgwODlcdTk5NmQiLCJwcmljZSI6MTkuMCwic3RhdHVzIjoxLCJjcmVhdGVfYXQiOiIyMDE4LTA5LTExIDA5OjM3OjM5IiwidXBkYXRlX2F0IjoiMjAxOC0wOS0xMSAwOTozNzozOSJ9LHsiaWQiOjYsInNob3BfaWQiOjEsImNhdGVnb3J5X2lkIjoyLCJjb3Zlcl9waWMiOiIxNTM2NjU4ODI0LjM5NzY1MDUud2VicCIsIm5hbWUiOiJcdTY3MjhcdTk4N2JcdTgwODlcdTk5NmQiLCJwcmljZSI6MTYuMCwic3RhdHVzIjoxLCJjcmVhdGVfYXQiOiIyMDE4LTA5LTExIDA5OjQwOjI0IiwidXBkYXRlX2F0IjoiMjAxOC0wOS0xMSAwOTo0MDoyNCJ9LHsiaWQiOjcsInNob3BfaWQiOjEsImNhdGVnb3J5X2lkIjoyLCJjb3Zlcl9waWMiOiIxNTM2NjU4ODYzLjY3MzI4NTUud2VicCIsIm5hbWUiOiJcdTgwYTVcdTcyNWJcdTk5NmQiLCJwcmljZSI6MTkuMCwic3RhdHVzIjoxLCJjcmVhdGVfYXQiOiIyMDE4LTA5LTExIDA5OjQxOjAzIiwidXBkYXRlX2F0IjoiMjAxOC0wOS0xMSAwOTo0MTowMyJ9LHsiaWQiOjgsInNob3BfaWQiOjEsImNhdGVnb3J5X2lkIjoyLCJjb3Zlcl9waWMiOiIxNTM2NjU4OTYwLjM5NTQxMzQud2VicCIsIm5hbWUiOiJcdTY1ZTBcdTlhYThcdTU0OTZcdTU1YjFcdTllMjFcdTk5NmQiLCJwcmljZSI6MTguMCwic3RhdHVzIjoxLCJjcmVhdGVfYXQiOiIyMDE4LTA5LTExIDA5OjQyOjQwIiwidXBkYXRlX2F0IjoiMjAxOC0wOS0xMSAwOTo0Mjo0MCJ9XX0sIjMiOnsiaWQiOjMsIm5hbWUiOiJcdTVjMGZcdTgzZGMiLCJwaWRzIjpbeyJpZCI6OSwic2hvcF9pZCI6MSwiY2F0ZWdvcnlfaWQiOjMsImNvdmVyX3BpYyI6IjE1MzY2NTkwNjUuNzk3MjYzNi53ZWJwIiwibmFtZSI6Ilx1NTM1NVx1NGVmZFx1NzU2YVx1ODMwNFx1OWUyMVx1ODZjYiIsInByaWNlIjo4LjAsInN0YXR1cyI6MSwiY3JlYXRlX2F0IjoiMjAxOC0wOS0xMSAwOTo0NDoyNSIsInVwZGF0ZV9hdCI6IjIwMTgtMDktMTEgMDk6NDQ6MjUifSx7ImlkIjoxMCwic2hvcF9pZCI6MSwiY2F0ZWdvcnlfaWQiOjMsImNvdmVyX3BpYyI6IjE1MzY2NTkxMTQuMDQ0MDIzNS53ZWJwIiwibmFtZSI6Ilx1NTM1NVx1NGVmZFx1NjcyOFx1OTg3Ylx1ODA4OSIsInByaWNlIjo4LjAsInN0YXR1cyI6MSwiY3JlYXRlX2F0IjoiMjAxOC0wOS0xMSAwOTo0NToxNCIsInVwZGF0ZV9hdCI6IjIwMTgtMDktMTEgMDk6NDU6MTQifSx7ImlkIjoxMSwic2hvcF9pZCI6MSwiY2F0ZWdvcnlfaWQiOjMsImNvdmVyX3BpYyI6IjE1MzY2NTkxOTcuNzIzMTIyMS53ZWJwIiwibmFtZSI6Ilx1ODNkY1x1NWZjMyIsInByaWNlIjo2LjAsInN0YXR1cyI6MSwiY3JlYXRlX2F0IjoiMjAxOC0wOS0xMSAwOTo0NjozNyIsInVwZGF0ZV9hdCI6IjIwMTgtMDktMTEgMDk6NDY6MzcifSx7ImlkIjoxMiwic2hvcF9pZCI6MSwiY2F0ZWdvcnlfaWQiOjMsImNvdmVyX3BpYyI6IjE1MzY2NTkyNTMuODg0MjcxNi53ZWJwIiwibmFtZSI6Ilx1NTM1NVx1NGVmZFx1OTk5OVx1OGZhM1x1N2IwYlx1NWU3Mlx1NzBlN1x1ODA4OSIsInByaWNlIjoxNS4wLCJzdGF0dXMiOjEsImNyZWF0ZV9hdCI6IjIwMTgtMDktMTEgMDk6NDc6MzMiLCJ1cGRhdGVfYXQiOiIyMDE4LTA5LTExIDA5OjQ3OjMzIn1dfSwiNCI6eyJpZCI6NCwibmFtZSI6Ilx1NmM2NC9cdTk5NmVcdTY1OTkiLCJwaWRzIjpbeyJpZCI6MTMsInNob3BfaWQiOjEsImNhdGVnb3J5X2lkIjo0LCJjb3Zlcl9waWMiOiIxNTM2NjU5MzExLjg2OTk0OTMud2VicCIsIm5hbWUiOiJcdTc1NmFcdTgzMDRcdTg2Y2JcdTgyYjFcdTZjNjQiLCJwcmljZSI6NC4wLCJzdGF0dXMiOjEsImNyZWF0ZV9hdCI6IjIwMTgtMDktMTEgMDk6NDg6MzEiLCJ1cGRhdGVfYXQiOiIyMDE4LTA5LTExIDA5OjQ4OjMxIn0seyJpZCI6MTQsInNob3BfaWQiOjEsImNhdGVnb3J5X2lkIjo0LCJjb3Zlcl9waWMiOiIxNTM2NjU5MzY0Ljc4OTI1MTMud2VicCIsIm5hbWUiOiJcdTczOGJcdTgwMDFcdTU0MDkiLCJwcmljZSI6Ni4wLCJzdGF0dXMiOjEsImNyZWF0ZV9hdCI6IjIwMTgtMDktMTEgMDk6NDk6MjQiLCJ1cGRhdGVfYXQiOiIyMDE4LTA5LTExIDA5OjQ5OjI0In0seyJpZCI6MTUsInNob3BfaWQiOjEsImNhdGVnb3J5X2lkIjo0LCJjb3Zlcl9waWMiOiIxNTM2NjU5NTYzLjM4OTc2NDgud2VicCIsIm5hbWUiOiJcdTY3OWNcdTdjOTJcdTZhNTkiLCJwcmljZSI6NS4wLCJzdGF0dXMiOjEsImNyZWF0ZV9hdCI6IjIwMTgtMDktMTEgMDk6NTI6NDMiLCJ1cGRhdGVfYXQiOiIyMDE4LTA5LTExIDA5OjUyOjQzIn0seyJpZCI6MTYsInNob3BfaWQiOjEsImNhdGVnb3J5X2lkIjo0LCJjb3Zlcl9waWMiOiIxNTM2NjU5NjA1LjU1NjE3NzEud2VicCIsIm5hbWUiOiJcdTc3ZmZcdTZjYzlcdTZjMzQiLCJwcmljZSI6My4wLCJzdGF0dXMiOjEsImNyZWF0ZV9hdCI6IjIwMTgtMDktMTEgMDk6NTM6MjUiLCJ1cGRhdGVfYXQiOiIyMDE4LTA5LTExIDA5OjUzOjI1In0seyJpZCI6MTcsInNob3BfaWQiOjEsImNhdGVnb3J5X2lkIjo0LCJjb3Zlcl9waWMiOiIxNTM2NjU5Njg4LjQ4NTYxNTcud2VicCIsIm5hbWUiOiJcdTRlNGNcdTY4ODVcdTZjNDEiLCJwcmljZSI6NC4wLCJzdGF0dXMiOjEsImNyZWF0ZV9hdCI6IjIwMTgtMDktMTEgMDk6NTQ6NDgiLCJ1cGRhdGVfYXQiOiIyMDE4LTA5LTExIDA5OjU0OjQ4In1dfX0sInByb2R1Y3RsaXN0Ijp7IjEiOnsiaWQiOjEsInNob3BfaWQiOjEsImNhdGVnb3J5X2lkIjoxLCJjb3Zlcl9waWMiOiIxNTM2NjU3NjIwLjU0ODU3MDQud2VicCIsIm5hbWUiOiJcdTdlYTJcdTcwZTdcdTgwODkrXHU3MmVlXHU1YjUwXHU1OTM0K1x1OTk2ZVx1NjU5OSIsInByaWNlIjoyNS4wLCJzdGF0dXMiOjEsImNyZWF0ZV9hdCI6IjIwMTgtMDktMTEgMDk6MjA6MjAiLCJ1cGRhdGVfYXQiOiIyMDE4LTA5LTExIDA5OjMwOjI1IiwibnVtIjoxfSwiMiI6eyJpZCI6Miwic2hvcF9pZCI6MSwiY2F0ZWdvcnlfaWQiOjEsImNvdmVyX3BpYyI6IjE1MzY2NTgzNTIuOTM0MTU1Ny53ZWJwIiwibmFtZSI6Ilx1N2VhMlx1NzBlN1x1ODA4OStcdTc1NmFcdTgzMDRcdTllMjFcdTg2Y2IiLCJwcmljZSI6MjIuMCwic3RhdHVzIjoxLCJjcmVhdGVfYXQiOiIyMDE4LTA5LTExIDA5OjMyOjMyIiwidXBkYXRlX2F0IjoiMjAxOC0wOS0xMSAwOTozMjozMiJ9LCIzIjp7ImlkIjozLCJzaG9wX2lkIjoxLCJjYXRlZ29yeV9pZCI6MSwiY292ZXJfcGljIjoiMTUzNjY1ODQxNS42ODM4MDAyLndlYnAiLCJuYW1lIjoiXHU2ODg1XHU4M2RjXHU2MjYzXHU4MDg5K1x1NzU2YVx1ODMwNFx1OWUyMVx1ODZjYiIsInByaWNlIjoyMi4wLCJzdGF0dXMiOjEsImNyZWF0ZV9hdCI6IjIwMTgtMDktMTEgMDk6MzM6MzUiLCJ1cGRhdGVfYXQiOiIyMDE4LTA5LTExIDA5OjMzOjM1In0sIjQiOnsiaWQiOjQsInNob3BfaWQiOjEsImNhdGVnb3J5X2lkIjoxLCJjb3Zlcl9waWMiOiIxNTM2NjU4NTc0LjI4NDczNzMud2VicCIsIm5hbWUiOiJcdTgwYTVcdTcyNWIrXHU3NTZhXHU4MzA0XHU5ZTIxXHU4NmNiIiwicHJpY2UiOjIyLjAsInN0YXR1cyI6MSwiY3JlYXRlX2F0IjoiMjAxOC0wOS0xMSAwOTozNjoxNCIsInVwZGF0ZV9hdCI6IjIwMTgtMDktMTEgMDk6MzY6MTQifSwiNSI6eyJpZCI6NSwic2hvcF9pZCI6MSwiY2F0ZWdvcnlfaWQiOjIsImNvdmVyX3BpYyI6IjE1MzY2NTg2NTkuMDQ0Njk5Mi53ZWJwIiwibmFtZSI6Ilx1Njg4NVx1ODNkY1x1NjI2M1x1ODA4OVx1OTk2ZCIsInByaWNlIjoxOS4wLCJzdGF0dXMiOjEsImNyZWF0ZV9hdCI6IjIwMTgtMDktMTEgMDk6Mzc6MzkiLCJ1cGRhdGVfYXQiOiIyMDE4LTA5LTExIDA5OjM3OjM5In0sIjYiOnsiaWQiOjYsInNob3BfaWQiOjEsImNhdGVnb3J5X2lkIjoyLCJjb3Zlcl9waWMiOiIxNTM2NjU4ODI0LjM5NzY1MDUud2VicCIsIm5hbWUiOiJcdTY3MjhcdTk4N2JcdTgwODlcdTk5NmQiLCJwcmljZSI6MTYuMCwic3RhdHVzIjoxLCJjcmVhdGVfYXQiOiIyMDE4LTA5LTExIDA5OjQwOjI0IiwidXBkYXRlX2F0IjoiMjAxOC0wOS0xMSAwOTo0MDoyNCJ9LCI3Ijp7ImlkIjo3LCJzaG9wX2lkIjoxLCJjYXRlZ29yeV9pZCI6MiwiY292ZXJfcGljIjoiMTUzNjY1ODg2My42NzMyODU1LndlYnAiLCJuYW1lIjoiXHU4MGE1XHU3MjViXHU5OTZkIiwicHJpY2UiOjE5LjAsInN0YXR1cyI6MSwiY3JlYXRlX2F0IjoiMjAxOC0wOS0xMSAwOTo0MTowMyIsInVwZGF0ZV9hdCI6IjIwMTgtMDktMTEgMDk6NDE6MDMifSwiOCI6eyJpZCI6OCwic2hvcF9pZCI6MSwiY2F0ZWdvcnlfaWQiOjIsImNvdmVyX3BpYyI6IjE1MzY2NTg5NjAuMzk1NDEzNC53ZWJwIiwibmFtZSI6Ilx1NjVlMFx1OWFhOFx1NTQ5Nlx1NTViMVx1OWUyMVx1OTk2ZCIsInByaWNlIjoxOC4wLCJzdGF0dXMiOjEsImNyZWF0ZV9hdCI6IjIwMTgtMDktMTEgMDk6NDI6NDAiLCJ1cGRhdGVfYXQiOiIyMDE4LTA5LTExIDA5OjQyOjQwIn0sIjkiOnsiaWQiOjksInNob3BfaWQiOjEsImNhdGVnb3J5X2lkIjozLCJjb3Zlcl9waWMiOiIxNTM2NjU5MDY1Ljc5NzI2MzYud2VicCIsIm5hbWUiOiJcdTUzNTVcdTRlZmRcdTc1NmFcdTgzMDRcdTllMjFcdTg2Y2IiLCJwcmljZSI6OC4wLCJzdGF0dXMiOjEsImNyZWF0ZV9hdCI6IjIwMTgtMDktMTEgMDk6NDQ6MjUiLCJ1cGRhdGVfYXQiOiIyMDE4LTA5LTExIDA5OjQ0OjI1In0sIjEwIjp7ImlkIjoxMCwic2hvcF9pZCI6MSwiY2F0ZWdvcnlfaWQiOjMsImNvdmVyX3BpYyI6IjE1MzY2NTkxMTQuMDQ0MDIzNS53ZWJwIiwibmFtZSI6Ilx1NTM1NVx1NGVmZFx1NjcyOFx1OTg3Ylx1ODA4OSIsInByaWNlIjo4LjAsInN0YXR1cyI6MSwiY3JlYXRlX2F0IjoiMjAxOC0wOS0xMSAwOTo0NToxNCIsInVwZGF0ZV9hdCI6IjIwMTgtMDktMTEgMDk6NDU6MTQifSwiMTEiOnsiaWQiOjExLCJzaG9wX2lkIjoxLCJjYXRlZ29yeV9pZCI6MywiY292ZXJfcGljIjoiMTUzNjY1OTE5Ny43MjMxMjIxLndlYnAiLCJuYW1lIjoiXHU4M2RjXHU1ZmMzIiwicHJpY2UiOjYuMCwic3RhdHVzIjoxLCJjcmVhdGVfYXQiOiIyMDE4LTA5LTExIDA5OjQ2OjM3IiwidXBkYXRlX2F0IjoiMjAxOC0wOS0xMSAwOTo0NjozNyJ9LCIxMiI6eyJpZCI6MTIsInNob3BfaWQiOjEsImNhdGVnb3J5X2lkIjozLCJjb3Zlcl9waWMiOiIxNTM2NjU5MjUzLjg4NDI3MTYud2VicCIsIm5hbWUiOiJcdTUzNTVcdTRlZmRcdTk5OTlcdThmYTNcdTdiMGJcdTVlNzJcdTcwZTdcdTgwODkiLCJwcmljZSI6MTUuMCwic3RhdHVzIjoxLCJjcmVhdGVfYXQiOiIyMDE4LTA5LTExIDA5OjQ3OjMzIiwidXBkYXRlX2F0IjoiMjAxOC0wOS0xMSAwOTo0NzozMyJ9LCIxMyI6eyJpZCI6MTMsInNob3BfaWQiOjEsImNhdGVnb3J5X2lkIjo0LCJjb3Zlcl9waWMiOiIxNTM2NjU5MzExLjg2OTk0OTMud2VicCIsIm5hbWUiOiJcdTc1NmFcdTgzMDRcdTg2Y2JcdTgyYjFcdTZjNjQiLCJwcmljZSI6NC4wLCJzdGF0dXMiOjEsImNyZWF0ZV9hdCI6IjIwMTgtMDktMTEgMDk6NDg6MzEiLCJ1cGRhdGVfYXQiOiIyMDE4LTA5LTExIDA5OjQ4OjMxIn0sIjE0Ijp7ImlkIjoxNCwic2hvcF9pZCI6MSwiY2F0ZWdvcnlfaWQiOjQsImNvdmVyX3BpYyI6IjE1MzY2NTkzNjQuNzg5MjUxMy53ZWJwIiwibmFtZSI6Ilx1NzM4Ylx1ODAwMVx1NTQwOSIsInByaWNlIjo2LjAsInN0YXR1cyI6MSwiY3JlYXRlX2F0IjoiMjAxOC0wOS0xMSAwOTo0OToyNCIsInVwZGF0ZV9hdCI6IjIwMTgtMDktMTEgMDk6NDk6MjQifSwiMTUiOnsiaWQiOjE1LCJzaG9wX2lkIjoxLCJjYXRlZ29yeV9pZCI6NCwiY292ZXJfcGljIjoiMTUzNjY1OTU2My4zODk3NjQ4LndlYnAiLCJuYW1lIjoiXHU2NzljXHU3YzkyXHU2YTU5IiwicHJpY2UiOjUuMCwic3RhdHVzIjoxLCJjcmVhdGVfYXQiOiIyMDE4LTA5LTExIDA5OjUyOjQzIiwidXBkYXRlX2F0IjoiMjAxOC0wOS0xMSAwOTo1Mjo0MyJ9LCIxNiI6eyJpZCI6MTYsInNob3BfaWQiOjEsImNhdGVnb3J5X2lkIjo0LCJjb3Zlcl9waWMiOiIxNTM2NjU5NjA1LjU1NjE3NzEud2VicCIsIm5hbWUiOiJcdTc3ZmZcdTZjYzlcdTZjMzQiLCJwcmljZSI6My4wLCJzdGF0dXMiOjEsImNyZWF0ZV9hdCI6IjIwMTgtMDktMTEgMDk6NTM6MjUiLCJ1cGRhdGVfYXQiOiIyMDE4LTA5LTExIDA5OjUzOjI1In0sIjE3Ijp7ImlkIjoxNywic2hvcF9pZCI6MSwiY2F0ZWdvcnlfaWQiOjQsImNvdmVyX3BpYyI6IjE1MzY2NTk2ODguNDg1NjE1Ny53ZWJwIiwibmFtZSI6Ilx1NGU0Y1x1Njg4NVx1NmM0MSIsInByaWNlIjo0LjAsInN0YXR1cyI6MSwiY3JlYXRlX2F0IjoiMjAxOC0wOS0xMSAwOTo1NDo0OCIsInVwZGF0ZV9hdCI6IjIwMTgtMDktMTEgMDk6NTQ6NDgifX0sInRvdGFsX21vbmV5IjoyNS4wLCJjYXJ0bGlzdCI6eyIxIjp7ImlkIjoxLCJzaG9wX2lkIjoxLCJjYXRlZ29yeV9pZCI6MSwiY292ZXJfcGljIjoiMTUzNjY1NzYyMC41NDg1NzA0LndlYnAiLCJuYW1lIjoiXHU3ZWEyXHU3MGU3XHU4MDg5K1x1NzJlZVx1NWI1MFx1NTkzNCtcdTk5NmVcdTY1OTkiLCJwcmljZSI6MjUuMCwic3RhdHVzIjoxLCJjcmVhdGVfYXQiOiIyMDE4LTA5LTExIDA5OjIwOjIwIiwidXBkYXRlX2F0IjoiMjAxOC0wOS0xMSAwOTozMDoyNSIsIm51bSI6MX19LCJhZG1pbnVzZXIiOnsiaWQiOjEsInVzZXJuYW1lIjoiemhhbmdzYW4iLCJuaWNrbmFtZSI6Ilx1NWYyMFx1NGUwOSIsInBhc3N3b3JkX2hhc2giOiIxZTE5MWQ4NTFiM2I0OWEyNDhmNGVhNjJmNmIwNjQxMCIsInBhc3N3b3JkX3NhbHQiOiIxMjM0NTYiLCJzdGF0dXMiOjEsImNyZWF0ZV9hdCI6IjIwMTgtMDgtMDggMTg6MTg6MTgiLCJ1cGRhdGVfYXQiOiIyMDE4LTA5LTA3IDA4OjA2OjU1In19','2018-10-28 03:45:25.887760'),('f7h0hwv2lo1we3r36u5g77k6kiw3qwj0','M2Y2ZmI0Y2JlOGIxYmU3Y2JmYTJkMDJkYWI4OGI4MDk3ZDM3ZTIzZjp7InZlcmlmeWNvZGUiOiI1NDkwIiwic2hvcGluZm8iOnsiaWQiOjEsIm5hbWUiOiJcdTc1MzBcdTgwMDFcdTVlMDhcdTdlYTJcdTcwZTdcdTgwODkiLCJzaG9wIjoiXHU2NzFkXHU5NjMzXHU1YzA2XHU1M2YwXHU4ZGVmXHU1ZTk3IiwiY292ZXJfcGljIjoiMTIzNDEyMzQuanBnIiwiYmFubmVyX3BpYyI6ImxnLmpwZyIsImFkZHJlc3MiOiJcdTUzMTdcdTRlYWNcdTVlMDJcdTY3MWRcdTk2MzNcdTUzM2FcdTVjMDZcdTUzZjBcdTRlNjFcdTRlMWNcdTUxNmJcdTk1ZjRcdTYyM2ZcdTY3NTFcdTg5N2ZcdTRlMzQ4XHU1M2Y3IiwicGhvbmUiOiIxMjM0NTY3ODkwNSIsInN0YXR1cyI6MSwiY3JlYXRlX2F0IjoiMjAxOC0wOC0yMCAxMDoxMjozNCIsInVwZGF0ZV9hdCI6IjIwMTgtMDktMDIgMTI6MzQ6NTYifSwiY2F0ZWdvcnlpZHMiOlsxLDIsMyw0XSwiY2F0ZWdvcnlsaXN0Ijp7IjEiOnsiaWQiOjEsIm5hbWUiOiJcdTUzY2NcdTYyZmNcdTU5NTdcdTk5MTAiLCJwaWRzIjpbeyJpZCI6MSwic2hvcF9pZCI6MSwiY2F0ZWdvcnlfaWQiOjEsImNvdmVyX3BpYyI6IjE1MzY2NTc2MjAuNTQ4NTcwNC53ZWJwIiwibmFtZSI6Ilx1N2VhMlx1NzBlN1x1ODA4OStcdTcyZWVcdTViNTBcdTU5MzQrXHU5OTZlXHU2NTk5IiwicHJpY2UiOjI1LjAsInN0YXR1cyI6MSwiY3JlYXRlX2F0IjoiMjAxOC0wOS0xMSAwOToyMDoyMCIsInVwZGF0ZV9hdCI6IjIwMTgtMDktMTEgMDk6MzA6MjUifSx7ImlkIjoyLCJzaG9wX2lkIjoxLCJjYXRlZ29yeV9pZCI6MSwiY292ZXJfcGljIjoiMTUzNjY1ODM1Mi45MzQxNTU3LndlYnAiLCJuYW1lIjoiXHU3ZWEyXHU3MGU3XHU4MDg5K1x1NzU2YVx1ODMwNFx1OWUyMVx1ODZjYiIsInByaWNlIjoyMi4wLCJzdGF0dXMiOjEsImNyZWF0ZV9hdCI6IjIwMTgtMDktMTEgMDk6MzI6MzIiLCJ1cGRhdGVfYXQiOiIyMDE4LTA5LTExIDA5OjMyOjMyIn0seyJpZCI6Mywic2hvcF9pZCI6MSwiY2F0ZWdvcnlfaWQiOjEsImNvdmVyX3BpYyI6IjE1MzY2NTg0MTUuNjgzODAwMi53ZWJwIiwibmFtZSI6Ilx1Njg4NVx1ODNkY1x1NjI2M1x1ODA4OStcdTc1NmFcdTgzMDRcdTllMjFcdTg2Y2IiLCJwcmljZSI6MjIuMCwic3RhdHVzIjoxLCJjcmVhdGVfYXQiOiIyMDE4LTA5LTExIDA5OjMzOjM1IiwidXBkYXRlX2F0IjoiMjAxOC0wOS0xMSAwOTozMzozNSJ9LHsiaWQiOjQsInNob3BfaWQiOjEsImNhdGVnb3J5X2lkIjoxLCJjb3Zlcl9waWMiOiIxNTM2NjU4NTc0LjI4NDczNzMud2VicCIsIm5hbWUiOiJcdTgwYTVcdTcyNWIrXHU3NTZhXHU4MzA0XHU5ZTIxXHU4NmNiIiwicHJpY2UiOjIyLjAsInN0YXR1cyI6MSwiY3JlYXRlX2F0IjoiMjAxOC0wOS0xMSAwOTozNjoxNCIsInVwZGF0ZV9hdCI6IjIwMTgtMDktMTEgMDk6MzY6MTQifV19LCIyIjp7ImlkIjoyLCJuYW1lIjoiXHU3NmQ2XHU5OTZkIiwicGlkcyI6W3siaWQiOjUsInNob3BfaWQiOjEsImNhdGVnb3J5X2lkIjoyLCJjb3Zlcl9waWMiOiIxNTM2NjU4NjU5LjA0NDY5OTIud2VicCIsIm5hbWUiOiJcdTY4ODVcdTgzZGNcdTYyNjNcdTgwODlcdTk5NmQiLCJwcmljZSI6MTkuMCwic3RhdHVzIjoxLCJjcmVhdGVfYXQiOiIyMDE4LTA5LTExIDA5OjM3OjM5IiwidXBkYXRlX2F0IjoiMjAxOC0wOS0xMSAwOTozNzozOSJ9LHsiaWQiOjYsInNob3BfaWQiOjEsImNhdGVnb3J5X2lkIjoyLCJjb3Zlcl9waWMiOiIxNTM2NjU4ODI0LjM5NzY1MDUud2VicCIsIm5hbWUiOiJcdTY3MjhcdTk4N2JcdTgwODlcdTk5NmQiLCJwcmljZSI6MTYuMCwic3RhdHVzIjoxLCJjcmVhdGVfYXQiOiIyMDE4LTA5LTExIDA5OjQwOjI0IiwidXBkYXRlX2F0IjoiMjAxOC0wOS0xMSAwOTo0MDoyNCJ9LHsiaWQiOjcsInNob3BfaWQiOjEsImNhdGVnb3J5X2lkIjoyLCJjb3Zlcl9waWMiOiIxNTM2NjU4ODYzLjY3MzI4NTUud2VicCIsIm5hbWUiOiJcdTgwYTVcdTcyNWJcdTk5NmQiLCJwcmljZSI6MTkuMCwic3RhdHVzIjoxLCJjcmVhdGVfYXQiOiIyMDE4LTA5LTExIDA5OjQxOjAzIiwidXBkYXRlX2F0IjoiMjAxOC0wOS0xMSAwOTo0MTowMyJ9LHsiaWQiOjgsInNob3BfaWQiOjEsImNhdGVnb3J5X2lkIjoyLCJjb3Zlcl9waWMiOiIxNTM2NjU4OTYwLjM5NTQxMzQud2VicCIsIm5hbWUiOiJcdTY1ZTBcdTlhYThcdTU0OTZcdTU1YjFcdTllMjFcdTk5NmQiLCJwcmljZSI6MTguMCwic3RhdHVzIjoxLCJjcmVhdGVfYXQiOiIyMDE4LTA5LTExIDA5OjQyOjQwIiwidXBkYXRlX2F0IjoiMjAxOC0wOS0xMSAwOTo0Mjo0MCJ9XX0sIjMiOnsiaWQiOjMsIm5hbWUiOiJcdTVjMGZcdTgzZGMiLCJwaWRzIjpbeyJpZCI6OSwic2hvcF9pZCI6MSwiY2F0ZWdvcnlfaWQiOjMsImNvdmVyX3BpYyI6IjE1MzY2NTkwNjUuNzk3MjYzNi53ZWJwIiwibmFtZSI6Ilx1NTM1NVx1NGVmZFx1NzU2YVx1ODMwNFx1OWUyMVx1ODZjYiIsInByaWNlIjo4LjAsInN0YXR1cyI6MSwiY3JlYXRlX2F0IjoiMjAxOC0wOS0xMSAwOTo0NDoyNSIsInVwZGF0ZV9hdCI6IjIwMTgtMDktMTEgMDk6NDQ6MjUifSx7ImlkIjoxMCwic2hvcF9pZCI6MSwiY2F0ZWdvcnlfaWQiOjMsImNvdmVyX3BpYyI6IjE1MzY2NTkxMTQuMDQ0MDIzNS53ZWJwIiwibmFtZSI6Ilx1NTM1NVx1NGVmZFx1NjcyOFx1OTg3Ylx1ODA4OSIsInByaWNlIjo4LjAsInN0YXR1cyI6MSwiY3JlYXRlX2F0IjoiMjAxOC0wOS0xMSAwOTo0NToxNCIsInVwZGF0ZV9hdCI6IjIwMTgtMDktMTEgMDk6NDU6MTQifSx7ImlkIjoxMSwic2hvcF9pZCI6MSwiY2F0ZWdvcnlfaWQiOjMsImNvdmVyX3BpYyI6IjE1MzY2NTkxOTcuNzIzMTIyMS53ZWJwIiwibmFtZSI6Ilx1ODNkY1x1NWZjMyIsInByaWNlIjo2LjAsInN0YXR1cyI6MSwiY3JlYXRlX2F0IjoiMjAxOC0wOS0xMSAwOTo0NjozNyIsInVwZGF0ZV9hdCI6IjIwMTgtMDktMTEgMDk6NDY6MzcifSx7ImlkIjoxMiwic2hvcF9pZCI6MSwiY2F0ZWdvcnlfaWQiOjMsImNvdmVyX3BpYyI6IjE1MzY2NTkyNTMuODg0MjcxNi53ZWJwIiwibmFtZSI6Ilx1NTM1NVx1NGVmZFx1OTk5OVx1OGZhM1x1N2IwYlx1NWU3Mlx1NzBlN1x1ODA4OSIsInByaWNlIjoxNS4wLCJzdGF0dXMiOjEsImNyZWF0ZV9hdCI6IjIwMTgtMDktMTEgMDk6NDc6MzMiLCJ1cGRhdGVfYXQiOiIyMDE4LTA5LTExIDA5OjQ3OjMzIn1dfSwiNCI6eyJpZCI6NCwibmFtZSI6Ilx1NmM2NC9cdTk5NmVcdTY1OTkiLCJwaWRzIjpbeyJpZCI6MTMsInNob3BfaWQiOjEsImNhdGVnb3J5X2lkIjo0LCJjb3Zlcl9waWMiOiIxNTM2NjU5MzExLjg2OTk0OTMud2VicCIsIm5hbWUiOiJcdTc1NmFcdTgzMDRcdTg2Y2JcdTgyYjFcdTZjNjQiLCJwcmljZSI6NC4wLCJzdGF0dXMiOjEsImNyZWF0ZV9hdCI6IjIwMTgtMDktMTEgMDk6NDg6MzEiLCJ1cGRhdGVfYXQiOiIyMDE4LTA5LTExIDA5OjQ4OjMxIn0seyJpZCI6MTQsInNob3BfaWQiOjEsImNhdGVnb3J5X2lkIjo0LCJjb3Zlcl9waWMiOiIxNTM2NjU5MzY0Ljc4OTI1MTMud2VicCIsIm5hbWUiOiJcdTczOGJcdTgwMDFcdTU0MDkiLCJwcmljZSI6Ni4wLCJzdGF0dXMiOjEsImNyZWF0ZV9hdCI6IjIwMTgtMDktMTEgMDk6NDk6MjQiLCJ1cGRhdGVfYXQiOiIyMDE4LTA5LTExIDA5OjQ5OjI0In0seyJpZCI6MTUsInNob3BfaWQiOjEsImNhdGVnb3J5X2lkIjo0LCJjb3Zlcl9waWMiOiIxNTM2NjU5NTYzLjM4OTc2NDgud2VicCIsIm5hbWUiOiJcdTY3OWNcdTdjOTJcdTZhNTkiLCJwcmljZSI6NS4wLCJzdGF0dXMiOjEsImNyZWF0ZV9hdCI6IjIwMTgtMDktMTEgMDk6NTI6NDMiLCJ1cGRhdGVfYXQiOiIyMDE4LTA5LTExIDA5OjUyOjQzIn0seyJpZCI6MTYsInNob3BfaWQiOjEsImNhdGVnb3J5X2lkIjo0LCJjb3Zlcl9waWMiOiIxNTM2NjU5NjA1LjU1NjE3NzEud2VicCIsIm5hbWUiOiJcdTc3ZmZcdTZjYzlcdTZjMzQiLCJwcmljZSI6My4wLCJzdGF0dXMiOjEsImNyZWF0ZV9hdCI6IjIwMTgtMDktMTEgMDk6NTM6MjUiLCJ1cGRhdGVfYXQiOiIyMDE4LTA5LTExIDA5OjUzOjI1In0seyJpZCI6MTcsInNob3BfaWQiOjEsImNhdGVnb3J5X2lkIjo0LCJjb3Zlcl9waWMiOiIxNTM2NjU5Njg4LjQ4NTYxNTcud2VicCIsIm5hbWUiOiJcdTRlNGNcdTY4ODVcdTZjNDEiLCJwcmljZSI6NC4wLCJzdGF0dXMiOjEsImNyZWF0ZV9hdCI6IjIwMTgtMDktMTEgMDk6NTQ6NDgiLCJ1cGRhdGVfYXQiOiIyMDE4LTA5LTExIDA5OjU0OjQ4In1dfX0sInByb2R1Y3RsaXN0Ijp7IjEiOnsiaWQiOjEsInNob3BfaWQiOjEsImNhdGVnb3J5X2lkIjoxLCJjb3Zlcl9waWMiOiIxNTM2NjU3NjIwLjU0ODU3MDQud2VicCIsIm5hbWUiOiJcdTdlYTJcdTcwZTdcdTgwODkrXHU3MmVlXHU1YjUwXHU1OTM0K1x1OTk2ZVx1NjU5OSIsInByaWNlIjoyNS4wLCJzdGF0dXMiOjEsImNyZWF0ZV9hdCI6IjIwMTgtMDktMTEgMDk6MjA6MjAiLCJ1cGRhdGVfYXQiOiIyMDE4LTA5LTExIDA5OjMwOjI1In0sIjIiOnsiaWQiOjIsInNob3BfaWQiOjEsImNhdGVnb3J5X2lkIjoxLCJjb3Zlcl9waWMiOiIxNTM2NjU4MzUyLjkzNDE1NTcud2VicCIsIm5hbWUiOiJcdTdlYTJcdTcwZTdcdTgwODkrXHU3NTZhXHU4MzA0XHU5ZTIxXHU4NmNiIiwicHJpY2UiOjIyLjAsInN0YXR1cyI6MSwiY3JlYXRlX2F0IjoiMjAxOC0wOS0xMSAwOTozMjozMiIsInVwZGF0ZV9hdCI6IjIwMTgtMDktMTEgMDk6MzI6MzIifSwiMyI6eyJpZCI6Mywic2hvcF9pZCI6MSwiY2F0ZWdvcnlfaWQiOjEsImNvdmVyX3BpYyI6IjE1MzY2NTg0MTUuNjgzODAwMi53ZWJwIiwibmFtZSI6Ilx1Njg4NVx1ODNkY1x1NjI2M1x1ODA4OStcdTc1NmFcdTgzMDRcdTllMjFcdTg2Y2IiLCJwcmljZSI6MjIuMCwic3RhdHVzIjoxLCJjcmVhdGVfYXQiOiIyMDE4LTA5LTExIDA5OjMzOjM1IiwidXBkYXRlX2F0IjoiMjAxOC0wOS0xMSAwOTozMzozNSJ9LCI0Ijp7ImlkIjo0LCJzaG9wX2lkIjoxLCJjYXRlZ29yeV9pZCI6MSwiY292ZXJfcGljIjoiMTUzNjY1ODU3NC4yODQ3MzczLndlYnAiLCJuYW1lIjoiXHU4MGE1XHU3MjViK1x1NzU2YVx1ODMwNFx1OWUyMVx1ODZjYiIsInByaWNlIjoyMi4wLCJzdGF0dXMiOjEsImNyZWF0ZV9hdCI6IjIwMTgtMDktMTEgMDk6MzY6MTQiLCJ1cGRhdGVfYXQiOiIyMDE4LTA5LTExIDA5OjM2OjE0In0sIjUiOnsiaWQiOjUsInNob3BfaWQiOjEsImNhdGVnb3J5X2lkIjoyLCJjb3Zlcl9waWMiOiIxNTM2NjU4NjU5LjA0NDY5OTIud2VicCIsIm5hbWUiOiJcdTY4ODVcdTgzZGNcdTYyNjNcdTgwODlcdTk5NmQiLCJwcmljZSI6MTkuMCwic3RhdHVzIjoxLCJjcmVhdGVfYXQiOiIyMDE4LTA5LTExIDA5OjM3OjM5IiwidXBkYXRlX2F0IjoiMjAxOC0wOS0xMSAwOTozNzozOSJ9LCI2Ijp7ImlkIjo2LCJzaG9wX2lkIjoxLCJjYXRlZ29yeV9pZCI6MiwiY292ZXJfcGljIjoiMTUzNjY1ODgyNC4zOTc2NTA1LndlYnAiLCJuYW1lIjoiXHU2NzI4XHU5ODdiXHU4MDg5XHU5OTZkIiwicHJpY2UiOjE2LjAsInN0YXR1cyI6MSwiY3JlYXRlX2F0IjoiMjAxOC0wOS0xMSAwOTo0MDoyNCIsInVwZGF0ZV9hdCI6IjIwMTgtMDktMTEgMDk6NDA6MjQifSwiNyI6eyJpZCI6Nywic2hvcF9pZCI6MSwiY2F0ZWdvcnlfaWQiOjIsImNvdmVyX3BpYyI6IjE1MzY2NTg4NjMuNjczMjg1NS53ZWJwIiwibmFtZSI6Ilx1ODBhNVx1NzI1Ylx1OTk2ZCIsInByaWNlIjoxOS4wLCJzdGF0dXMiOjEsImNyZWF0ZV9hdCI6IjIwMTgtMDktMTEgMDk6NDE6MDMiLCJ1cGRhdGVfYXQiOiIyMDE4LTA5LTExIDA5OjQxOjAzIn0sIjgiOnsiaWQiOjgsInNob3BfaWQiOjEsImNhdGVnb3J5X2lkIjoyLCJjb3Zlcl9waWMiOiIxNTM2NjU4OTYwLjM5NTQxMzQud2VicCIsIm5hbWUiOiJcdTY1ZTBcdTlhYThcdTU0OTZcdTU1YjFcdTllMjFcdTk5NmQiLCJwcmljZSI6MTguMCwic3RhdHVzIjoxLCJjcmVhdGVfYXQiOiIyMDE4LTA5LTExIDA5OjQyOjQwIiwidXBkYXRlX2F0IjoiMjAxOC0wOS0xMSAwOTo0Mjo0MCJ9LCI5Ijp7ImlkIjo5LCJzaG9wX2lkIjoxLCJjYXRlZ29yeV9pZCI6MywiY292ZXJfcGljIjoiMTUzNjY1OTA2NS43OTcyNjM2LndlYnAiLCJuYW1lIjoiXHU1MzU1XHU0ZWZkXHU3NTZhXHU4MzA0XHU5ZTIxXHU4NmNiIiwicHJpY2UiOjguMCwic3RhdHVzIjoxLCJjcmVhdGVfYXQiOiIyMDE4LTA5LTExIDA5OjQ0OjI1IiwidXBkYXRlX2F0IjoiMjAxOC0wOS0xMSAwOTo0NDoyNSJ9LCIxMCI6eyJpZCI6MTAsInNob3BfaWQiOjEsImNhdGVnb3J5X2lkIjozLCJjb3Zlcl9waWMiOiIxNTM2NjU5MTE0LjA0NDAyMzUud2VicCIsIm5hbWUiOiJcdTUzNTVcdTRlZmRcdTY3MjhcdTk4N2JcdTgwODkiLCJwcmljZSI6OC4wLCJzdGF0dXMiOjEsImNyZWF0ZV9hdCI6IjIwMTgtMDktMTEgMDk6NDU6MTQiLCJ1cGRhdGVfYXQiOiIyMDE4LTA5LTExIDA5OjQ1OjE0In0sIjExIjp7ImlkIjoxMSwic2hvcF9pZCI6MSwiY2F0ZWdvcnlfaWQiOjMsImNvdmVyX3BpYyI6IjE1MzY2NTkxOTcuNzIzMTIyMS53ZWJwIiwibmFtZSI6Ilx1ODNkY1x1NWZjMyIsInByaWNlIjo2LjAsInN0YXR1cyI6MSwiY3JlYXRlX2F0IjoiMjAxOC0wOS0xMSAwOTo0NjozNyIsInVwZGF0ZV9hdCI6IjIwMTgtMDktMTEgMDk6NDY6MzcifSwiMTIiOnsiaWQiOjEyLCJzaG9wX2lkIjoxLCJjYXRlZ29yeV9pZCI6MywiY292ZXJfcGljIjoiMTUzNjY1OTI1My44ODQyNzE2LndlYnAiLCJuYW1lIjoiXHU1MzU1XHU0ZWZkXHU5OTk5XHU4ZmEzXHU3YjBiXHU1ZTcyXHU3MGU3XHU4MDg5IiwicHJpY2UiOjE1LjAsInN0YXR1cyI6MSwiY3JlYXRlX2F0IjoiMjAxOC0wOS0xMSAwOTo0NzozMyIsInVwZGF0ZV9hdCI6IjIwMTgtMDktMTEgMDk6NDc6MzMifSwiMTMiOnsiaWQiOjEzLCJzaG9wX2lkIjoxLCJjYXRlZ29yeV9pZCI6NCwiY292ZXJfcGljIjoiMTUzNjY1OTMxMS44Njk5NDkzLndlYnAiLCJuYW1lIjoiXHU3NTZhXHU4MzA0XHU4NmNiXHU4MmIxXHU2YzY0IiwicHJpY2UiOjQuMCwic3RhdHVzIjoxLCJjcmVhdGVfYXQiOiIyMDE4LTA5LTExIDA5OjQ4OjMxIiwidXBkYXRlX2F0IjoiMjAxOC0wOS0xMSAwOTo0ODozMSJ9LCIxNCI6eyJpZCI6MTQsInNob3BfaWQiOjEsImNhdGVnb3J5X2lkIjo0LCJjb3Zlcl9waWMiOiIxNTM2NjU5MzY0Ljc4OTI1MTMud2VicCIsIm5hbWUiOiJcdTczOGJcdTgwMDFcdTU0MDkiLCJwcmljZSI6Ni4wLCJzdGF0dXMiOjEsImNyZWF0ZV9hdCI6IjIwMTgtMDktMTEgMDk6NDk6MjQiLCJ1cGRhdGVfYXQiOiIyMDE4LTA5LTExIDA5OjQ5OjI0In0sIjE1Ijp7ImlkIjoxNSwic2hvcF9pZCI6MSwiY2F0ZWdvcnlfaWQiOjQsImNvdmVyX3BpYyI6IjE1MzY2NTk1NjMuMzg5NzY0OC53ZWJwIiwibmFtZSI6Ilx1Njc5Y1x1N2M5Mlx1NmE1OSIsInByaWNlIjo1LjAsInN0YXR1cyI6MSwiY3JlYXRlX2F0IjoiMjAxOC0wOS0xMSAwOTo1Mjo0MyIsInVwZGF0ZV9hdCI6IjIwMTgtMDktMTEgMDk6NTI6NDMifSwiMTYiOnsiaWQiOjE2LCJzaG9wX2lkIjoxLCJjYXRlZ29yeV9pZCI6NCwiY292ZXJfcGljIjoiMTUzNjY1OTYwNS41NTYxNzcxLndlYnAiLCJuYW1lIjoiXHU3N2ZmXHU2Y2M5XHU2YzM0IiwicHJpY2UiOjMuMCwic3RhdHVzIjoxLCJjcmVhdGVfYXQiOiIyMDE4LTA5LTExIDA5OjUzOjI1IiwidXBkYXRlX2F0IjoiMjAxOC0wOS0xMSAwOTo1MzoyNSJ9LCIxNyI6eyJpZCI6MTcsInNob3BfaWQiOjEsImNhdGVnb3J5X2lkIjo0LCJjb3Zlcl9waWMiOiIxNTM2NjU5Njg4LjQ4NTYxNTcud2VicCIsIm5hbWUiOiJcdTRlNGNcdTY4ODVcdTZjNDEiLCJwcmljZSI6NC4wLCJzdGF0dXMiOjEsImNyZWF0ZV9hdCI6IjIwMTgtMDktMTEgMDk6NTQ6NDgiLCJ1cGRhdGVfYXQiOiIyMDE4LTA5LTExIDA5OjU0OjQ4In19LCJ0b3RhbF9tb25leSI6NDcuMCwiY2FydGxpc3QiOnsiMSI6eyJpZCI6MSwic2hvcF9pZCI6MSwiY2F0ZWdvcnlfaWQiOjEsImNvdmVyX3BpYyI6IjE1MzY2NTc2MjAuNTQ4NTcwNC53ZWJwIiwibmFtZSI6Ilx1N2VhMlx1NzBlN1x1ODA4OStcdTcyZWVcdTViNTBcdTU5MzQrXHU5OTZlXHU2NTk5IiwicHJpY2UiOjI1LjAsInN0YXR1cyI6MSwiY3JlYXRlX2F0IjoiMjAxOC0wOS0xMSAwOToyMDoyMCIsInVwZGF0ZV9hdCI6IjIwMTgtMDktMTEgMDk6MzA6MjUiLCJudW0iOjF9LCIyIjp7ImlkIjoyLCJzaG9wX2lkIjoxLCJjYXRlZ29yeV9pZCI6MSwiY292ZXJfcGljIjoiMTUzNjY1ODM1Mi45MzQxNTU3LndlYnAiLCJuYW1lIjoiXHU3ZWEyXHU3MGU3XHU4MDg5K1x1NzU2YVx1ODMwNFx1OWUyMVx1ODZjYiIsInByaWNlIjoyMi4wLCJzdGF0dXMiOjEsImNyZWF0ZV9hdCI6IjIwMTgtMDktMTEgMDk6MzI6MzIiLCJ1cGRhdGVfYXQiOiIyMDE4LTA5LTExIDA5OjMyOjMyIiwibnVtIjoxfX0sIndlYnVzZXIiOnsiaWQiOjEsInVzZXJuYW1lIjoiemhhbmdzYW4iLCJuaWNrbmFtZSI6Ilx1NWYyMFx1NGUwOSIsInBhc3N3b3JkX2hhc2giOiIxZTE5MWQ4NTFiM2I0OWEyNDhmNGVhNjJmNmIwNjQxMCIsInBhc3N3b3JkX3NhbHQiOiIxMjM0NTYiLCJzdGF0dXMiOjEsImNyZWF0ZV9hdCI6IjIwMTgtMDgtMDggMTg6MTg6MTgiLCJ1cGRhdGVfYXQiOiIyMDE4LTA5LTA3IDA4OjA2OjU1In19','2018-10-28 06:12:18.699606'),('g2uy38jahemwi3rgyeq9uyss1c9c9t47','YjExZDIwNjA1ZjRkMzg3MDFmN2ZiNjgyZWI4MzdkMmNmMjBjMTk2Mzp7InZlcmlmeWNvZGUiOiI0NjYwIn0=','2018-10-28 06:07:52.469515'),('hq2ilimxcdj1x4khy03sul9s6r69h0hn','Mzk4ZTM5N2E3OGFiNTMyZTVjNzBhYzQ1NTY4MzFkMjQzYTFiNWFjZDp7Im1lbWJlcl91c2VyIjp7ImlkIjoxNSwibmlja25hbWUiOiJcdTk4N2VcdTViYTIiLCJhdmF0YXIiOiJtb3Jlbi5wbmciLCJtb2JpbGUiOiIxMTIzNDU2Nzg4OCIsInN0YXR1cyI6MSwiY3JlYXRlX2F0IjoiMjAxOC0xMS0wNCAwNjowNzoyMiIsInVwZGF0ZV9hdCI6IjIwMTgtMTEtMDQgMDY6MDc6MjIifSwic2hvcGluZm8iOnsiaWQiOjEsIm5hbWUiOiJcdTc1MzBcdTgwMDFcdTVlMDhcdTdlYTJcdTcwZTdcdTgwODkiLCJzaG9wIjoiXHU2NzFkXHU5NjMzXHU1YzA2XHU1M2YwXHU4ZGVmXHU1ZTk3IiwiY292ZXJfcGljIjoiMTIzNDEyMzQuanBnIiwiYmFubmVyX3BpYyI6ImxnLmpwZyIsImFkZHJlc3MiOiJcdTUzMTdcdTRlYWNcdTVlMDJcdTY3MWRcdTk2MzNcdTUzM2FcdTVjMDZcdTUzZjBcdTRlNjFcdTRlMWNcdTUxNmJcdTk1ZjRcdTYyM2ZcdTY3NTFcdTg5N2ZcdTRlMzQ4XHU1M2Y3IiwicGhvbmUiOiIxMjM0NTY3ODkwNSIsInN0YXR1cyI6MSwiY3JlYXRlX2F0IjoiMjAxOC0wOC0yMCAxMDoxMjozNCIsInVwZGF0ZV9hdCI6IjIwMTgtMDktMDIgMTI6MzQ6NTYifX0=','2018-11-18 06:27:31.304522'),('k3ktjed5n5wfzaqxld8stx1te27ciezz','MjAwMDQ3MTRlZmQ0NTI4OTQzZjlmMTZiZjc2YTU3MzEwMTE4ZDExODp7InZlcmlmeWNvZGUiOiIxNDU4Iiwid2VidXNlciI6eyJpZCI6MSwidXNlcm5hbWUiOiJ6aGFuZ3NhbiIsIm5pY2tuYW1lIjoiXHU1ZjIwXHU0ZTA5IiwicGFzc3dvcmRfaGFzaCI6IjFlMTkxZDg1MWIzYjQ5YTI0OGY0ZWE2MmY2YjA2NDEwIiwicGFzc3dvcmRfc2FsdCI6IjEyMzQ1NiIsInN0YXR1cyI6MSwiY3JlYXRlX2F0IjoiMjAxOC0wOC0wOCAxODoxODoxOCIsInVwZGF0ZV9hdCI6IjIwMTgtMDktMDcgMDg6MDY6NTUifSwic2hvcGluZm8iOnsiaWQiOjEsIm5hbWUiOiJcdTc1MzBcdTgwMDFcdTVlMDhcdTdlYTJcdTcwZTdcdTgwODkiLCJzaG9wIjoiXHU2NzFkXHU5NjMzXHU1YzA2XHU1M2YwXHU4ZGVmXHU1ZTk3IiwiY292ZXJfcGljIjoiMTIzNDEyMzQuanBnIiwiYmFubmVyX3BpYyI6ImxnLmpwZyIsImFkZHJlc3MiOiJcdTUzMTdcdTRlYWNcdTVlMDJcdTY3MWRcdTk2MzNcdTUzM2FcdTVjMDZcdTUzZjBcdTRlNjFcdTRlMWNcdTUxNmJcdTk1ZjRcdTYyM2ZcdTY3NTFcdTg5N2ZcdTRlMzQ4XHU1M2Y3IiwicGhvbmUiOiIxMjM0NTY3ODkwNSIsInN0YXR1cyI6MSwiY3JlYXRlX2F0IjoiMjAxOC0wOC0yMCAxMDoxMjozNCIsInVwZGF0ZV9hdCI6IjIwMTgtMDktMDIgMTI6MzQ6NTYifSwiY2F0ZWdvcnlpZHMiOlsxLDIsMyw0XSwiY2F0ZWdvcnlsaXN0Ijp7IjEiOnsiaWQiOjEsIm5hbWUiOiJcdTUzY2NcdTYyZmNcdTU5NTdcdTk5MTAiLCJwaWRzIjpbeyJpZCI6MSwic2hvcF9pZCI6MSwiY2F0ZWdvcnlfaWQiOjEsImNvdmVyX3BpYyI6IjE1MzY2NTc2MjAuNTQ4NTcwNC53ZWJwIiwibmFtZSI6Ilx1N2VhMlx1NzBlN1x1ODA4OStcdTcyZWVcdTViNTBcdTU5MzQrXHU5OTZlXHU2NTk5IiwicHJpY2UiOjI1LjAsInN0YXR1cyI6MSwiY3JlYXRlX2F0IjoiMjAxOC0wOS0xMSAwOToyMDoyMCIsInVwZGF0ZV9hdCI6IjIwMTgtMDktMTEgMDk6MzA6MjUifSx7ImlkIjoyLCJzaG9wX2lkIjoxLCJjYXRlZ29yeV9pZCI6MSwiY292ZXJfcGljIjoiMTUzNjY1ODM1Mi45MzQxNTU3LndlYnAiLCJuYW1lIjoiXHU3ZWEyXHU3MGU3XHU4MDg5K1x1NzU2YVx1ODMwNFx1OWUyMVx1ODZjYiIsInByaWNlIjoyMi4wLCJzdGF0dXMiOjEsImNyZWF0ZV9hdCI6IjIwMTgtMDktMTEgMDk6MzI6MzIiLCJ1cGRhdGVfYXQiOiIyMDE4LTA5LTExIDA5OjMyOjMyIn0seyJpZCI6Mywic2hvcF9pZCI6MSwiY2F0ZWdvcnlfaWQiOjEsImNvdmVyX3BpYyI6IjE1MzY2NTg0MTUuNjgzODAwMi53ZWJwIiwibmFtZSI6Ilx1Njg4NVx1ODNkY1x1NjI2M1x1ODA4OStcdTc1NmFcdTgzMDRcdTllMjFcdTg2Y2IiLCJwcmljZSI6MjIuMCwic3RhdHVzIjoxLCJjcmVhdGVfYXQiOiIyMDE4LTA5LTExIDA5OjMzOjM1IiwidXBkYXRlX2F0IjoiMjAxOC0wOS0xMSAwOTozMzozNSJ9LHsiaWQiOjQsInNob3BfaWQiOjEsImNhdGVnb3J5X2lkIjoxLCJjb3Zlcl9waWMiOiIxNTM2NjU4NTc0LjI4NDczNzMud2VicCIsIm5hbWUiOiJcdTgwYTVcdTcyNWIrXHU3NTZhXHU4MzA0XHU5ZTIxXHU4NmNiIiwicHJpY2UiOjIyLjAsInN0YXR1cyI6MSwiY3JlYXRlX2F0IjoiMjAxOC0wOS0xMSAwOTozNjoxNCIsInVwZGF0ZV9hdCI6IjIwMTgtMDktMTEgMDk6MzY6MTQifV19LCIyIjp7ImlkIjoyLCJuYW1lIjoiXHU3NmQ2XHU5OTZkIiwicGlkcyI6W3siaWQiOjUsInNob3BfaWQiOjEsImNhdGVnb3J5X2lkIjoyLCJjb3Zlcl9waWMiOiIxNTM2NjU4NjU5LjA0NDY5OTIud2VicCIsIm5hbWUiOiJcdTY4ODVcdTgzZGNcdTYyNjNcdTgwODlcdTk5NmQiLCJwcmljZSI6MTkuMCwic3RhdHVzIjoxLCJjcmVhdGVfYXQiOiIyMDE4LTA5LTExIDA5OjM3OjM5IiwidXBkYXRlX2F0IjoiMjAxOC0wOS0xMSAwOTozNzozOSJ9LHsiaWQiOjYsInNob3BfaWQiOjEsImNhdGVnb3J5X2lkIjoyLCJjb3Zlcl9waWMiOiIxNTM2NjU4ODI0LjM5NzY1MDUud2VicCIsIm5hbWUiOiJcdTY3MjhcdTk4N2JcdTgwODlcdTk5NmQiLCJwcmljZSI6MTYuMCwic3RhdHVzIjoxLCJjcmVhdGVfYXQiOiIyMDE4LTA5LTExIDA5OjQwOjI0IiwidXBkYXRlX2F0IjoiMjAxOC0wOS0xMSAwOTo0MDoyNCJ9LHsiaWQiOjcsInNob3BfaWQiOjEsImNhdGVnb3J5X2lkIjoyLCJjb3Zlcl9waWMiOiIxNTM2NjU4ODYzLjY3MzI4NTUud2VicCIsIm5hbWUiOiJcdTgwYTVcdTcyNWJcdTk5NmQiLCJwcmljZSI6MTkuMCwic3RhdHVzIjoxLCJjcmVhdGVfYXQiOiIyMDE4LTA5LTExIDA5OjQxOjAzIiwidXBkYXRlX2F0IjoiMjAxOC0wOS0xMSAwOTo0MTowMyJ9LHsiaWQiOjgsInNob3BfaWQiOjEsImNhdGVnb3J5X2lkIjoyLCJjb3Zlcl9waWMiOiIxNTM2NjU4OTYwLjM5NTQxMzQud2VicCIsIm5hbWUiOiJcdTY1ZTBcdTlhYThcdTU0OTZcdTU1YjFcdTllMjFcdTk5NmQiLCJwcmljZSI6MTguMCwic3RhdHVzIjoxLCJjcmVhdGVfYXQiOiIyMDE4LTA5LTExIDA5OjQyOjQwIiwidXBkYXRlX2F0IjoiMjAxOC0wOS0xMSAwOTo0Mjo0MCJ9XX0sIjMiOnsiaWQiOjMsIm5hbWUiOiJcdTVjMGZcdTgzZGMiLCJwaWRzIjpbeyJpZCI6OSwic2hvcF9pZCI6MSwiY2F0ZWdvcnlfaWQiOjMsImNvdmVyX3BpYyI6IjE1MzY2NTkwNjUuNzk3MjYzNi53ZWJwIiwibmFtZSI6Ilx1NTM1NVx1NGVmZFx1NzU2YVx1ODMwNFx1OWUyMVx1ODZjYiIsInByaWNlIjo4LjAsInN0YXR1cyI6MSwiY3JlYXRlX2F0IjoiMjAxOC0wOS0xMSAwOTo0NDoyNSIsInVwZGF0ZV9hdCI6IjIwMTgtMDktMTEgMDk6NDQ6MjUifSx7ImlkIjoxMCwic2hvcF9pZCI6MSwiY2F0ZWdvcnlfaWQiOjMsImNvdmVyX3BpYyI6IjE1MzY2NTkxMTQuMDQ0MDIzNS53ZWJwIiwibmFtZSI6Ilx1NTM1NVx1NGVmZFx1NjcyOFx1OTg3Ylx1ODA4OSIsInByaWNlIjo4LjAsInN0YXR1cyI6MSwiY3JlYXRlX2F0IjoiMjAxOC0wOS0xMSAwOTo0NToxNCIsInVwZGF0ZV9hdCI6IjIwMTgtMDktMTEgMDk6NDU6MTQifSx7ImlkIjoxMSwic2hvcF9pZCI6MSwiY2F0ZWdvcnlfaWQiOjMsImNvdmVyX3BpYyI6IjE1MzY2NTkxOTcuNzIzMTIyMS53ZWJwIiwibmFtZSI6Ilx1ODNkY1x1NWZjMyIsInByaWNlIjo2LjAsInN0YXR1cyI6MSwiY3JlYXRlX2F0IjoiMjAxOC0wOS0xMSAwOTo0NjozNyIsInVwZGF0ZV9hdCI6IjIwMTgtMDktMTEgMDk6NDY6MzcifSx7ImlkIjoxMiwic2hvcF9pZCI6MSwiY2F0ZWdvcnlfaWQiOjMsImNvdmVyX3BpYyI6IjE1MzY2NTkyNTMuODg0MjcxNi53ZWJwIiwibmFtZSI6Ilx1NTM1NVx1NGVmZFx1OTk5OVx1OGZhM1x1N2IwYlx1NWU3Mlx1NzBlN1x1ODA4OSIsInByaWNlIjoxNS4wLCJzdGF0dXMiOjEsImNyZWF0ZV9hdCI6IjIwMTgtMDktMTEgMDk6NDc6MzMiLCJ1cGRhdGVfYXQiOiIyMDE4LTA5LTExIDA5OjQ3OjMzIn1dfSwiNCI6eyJpZCI6NCwibmFtZSI6Ilx1NmM2NC9cdTk5NmVcdTY1OTkiLCJwaWRzIjpbeyJpZCI6MTMsInNob3BfaWQiOjEsImNhdGVnb3J5X2lkIjo0LCJjb3Zlcl9waWMiOiIxNTM2NjU5MzExLjg2OTk0OTMud2VicCIsIm5hbWUiOiJcdTc1NmFcdTgzMDRcdTg2Y2JcdTgyYjFcdTZjNjQiLCJwcmljZSI6NC4wLCJzdGF0dXMiOjEsImNyZWF0ZV9hdCI6IjIwMTgtMDktMTEgMDk6NDg6MzEiLCJ1cGRhdGVfYXQiOiIyMDE4LTA5LTExIDA5OjQ4OjMxIn0seyJpZCI6MTQsInNob3BfaWQiOjEsImNhdGVnb3J5X2lkIjo0LCJjb3Zlcl9waWMiOiIxNTM2NjU5MzY0Ljc4OTI1MTMud2VicCIsIm5hbWUiOiJcdTczOGJcdTgwMDFcdTU0MDkiLCJwcmljZSI6Ni4wLCJzdGF0dXMiOjEsImNyZWF0ZV9hdCI6IjIwMTgtMDktMTEgMDk6NDk6MjQiLCJ1cGRhdGVfYXQiOiIyMDE4LTA5LTExIDA5OjQ5OjI0In0seyJpZCI6MTUsInNob3BfaWQiOjEsImNhdGVnb3J5X2lkIjo0LCJjb3Zlcl9waWMiOiIxNTM2NjU5NTYzLjM4OTc2NDgud2VicCIsIm5hbWUiOiJcdTY3OWNcdTdjOTJcdTZhNTkiLCJwcmljZSI6NS4wLCJzdGF0dXMiOjEsImNyZWF0ZV9hdCI6IjIwMTgtMDktMTEgMDk6NTI6NDMiLCJ1cGRhdGVfYXQiOiIyMDE4LTA5LTExIDA5OjUyOjQzIn0seyJpZCI6MTYsInNob3BfaWQiOjEsImNhdGVnb3J5X2lkIjo0LCJjb3Zlcl9waWMiOiIxNTM2NjU5NjA1LjU1NjE3NzEud2VicCIsIm5hbWUiOiJcdTc3ZmZcdTZjYzlcdTZjMzQiLCJwcmljZSI6My4wLCJzdGF0dXMiOjEsImNyZWF0ZV9hdCI6IjIwMTgtMDktMTEgMDk6NTM6MjUiLCJ1cGRhdGVfYXQiOiIyMDE4LTA5LTExIDA5OjUzOjI1In0seyJpZCI6MTcsInNob3BfaWQiOjEsImNhdGVnb3J5X2lkIjo0LCJjb3Zlcl9waWMiOiIxNTM2NjU5Njg4LjQ4NTYxNTcud2VicCIsIm5hbWUiOiJcdTRlNGNcdTY4ODVcdTZjNDEiLCJwcmljZSI6NC4wLCJzdGF0dXMiOjEsImNyZWF0ZV9hdCI6IjIwMTgtMDktMTEgMDk6NTQ6NDgiLCJ1cGRhdGVfYXQiOiIyMDE4LTA5LTExIDA5OjU0OjQ4In1dfX0sInByb2R1Y3RsaXN0Ijp7IjEiOnsiaWQiOjEsInNob3BfaWQiOjEsImNhdGVnb3J5X2lkIjoxLCJjb3Zlcl9waWMiOiIxNTM2NjU3NjIwLjU0ODU3MDQud2VicCIsIm5hbWUiOiJcdTdlYTJcdTcwZTdcdTgwODkrXHU3MmVlXHU1YjUwXHU1OTM0K1x1OTk2ZVx1NjU5OSIsInByaWNlIjoyNS4wLCJzdGF0dXMiOjEsImNyZWF0ZV9hdCI6IjIwMTgtMDktMTEgMDk6MjA6MjAiLCJ1cGRhdGVfYXQiOiIyMDE4LTA5LTExIDA5OjMwOjI1IiwibnVtIjoxfSwiMiI6eyJpZCI6Miwic2hvcF9pZCI6MSwiY2F0ZWdvcnlfaWQiOjEsImNvdmVyX3BpYyI6IjE1MzY2NTgzNTIuOTM0MTU1Ny53ZWJwIiwibmFtZSI6Ilx1N2VhMlx1NzBlN1x1ODA4OStcdTc1NmFcdTgzMDRcdTllMjFcdTg2Y2IiLCJwcmljZSI6MjIuMCwic3RhdHVzIjoxLCJjcmVhdGVfYXQiOiIyMDE4LTA5LTExIDA5OjMyOjMyIiwidXBkYXRlX2F0IjoiMjAxOC0wOS0xMSAwOTozMjozMiIsIm51bSI6MX0sIjMiOnsiaWQiOjMsInNob3BfaWQiOjEsImNhdGVnb3J5X2lkIjoxLCJjb3Zlcl9waWMiOiIxNTM2NjU4NDE1LjY4MzgwMDIud2VicCIsIm5hbWUiOiJcdTY4ODVcdTgzZGNcdTYyNjNcdTgwODkrXHU3NTZhXHU4MzA0XHU5ZTIxXHU4NmNiIiwicHJpY2UiOjIyLjAsInN0YXR1cyI6MSwiY3JlYXRlX2F0IjoiMjAxOC0wOS0xMSAwOTozMzozNSIsInVwZGF0ZV9hdCI6IjIwMTgtMDktMTEgMDk6MzM6MzUifSwiNCI6eyJpZCI6NCwic2hvcF9pZCI6MSwiY2F0ZWdvcnlfaWQiOjEsImNvdmVyX3BpYyI6IjE1MzY2NTg1NzQuMjg0NzM3My53ZWJwIiwibmFtZSI6Ilx1ODBhNVx1NzI1YitcdTc1NmFcdTgzMDRcdTllMjFcdTg2Y2IiLCJwcmljZSI6MjIuMCwic3RhdHVzIjoxLCJjcmVhdGVfYXQiOiIyMDE4LTA5LTExIDA5OjM2OjE0IiwidXBkYXRlX2F0IjoiMjAxOC0wOS0xMSAwOTozNjoxNCJ9LCI1Ijp7ImlkIjo1LCJzaG9wX2lkIjoxLCJjYXRlZ29yeV9pZCI6MiwiY292ZXJfcGljIjoiMTUzNjY1ODY1OS4wNDQ2OTkyLndlYnAiLCJuYW1lIjoiXHU2ODg1XHU4M2RjXHU2MjYzXHU4MDg5XHU5OTZkIiwicHJpY2UiOjE5LjAsInN0YXR1cyI6MSwiY3JlYXRlX2F0IjoiMjAxOC0wOS0xMSAwOTozNzozOSIsInVwZGF0ZV9hdCI6IjIwMTgtMDktMTEgMDk6Mzc6MzkifSwiNiI6eyJpZCI6Niwic2hvcF9pZCI6MSwiY2F0ZWdvcnlfaWQiOjIsImNvdmVyX3BpYyI6IjE1MzY2NTg4MjQuMzk3NjUwNS53ZWJwIiwibmFtZSI6Ilx1NjcyOFx1OTg3Ylx1ODA4OVx1OTk2ZCIsInByaWNlIjoxNi4wLCJzdGF0dXMiOjEsImNyZWF0ZV9hdCI6IjIwMTgtMDktMTEgMDk6NDA6MjQiLCJ1cGRhdGVfYXQiOiIyMDE4LTA5LTExIDA5OjQwOjI0In0sIjciOnsiaWQiOjcsInNob3BfaWQiOjEsImNhdGVnb3J5X2lkIjoyLCJjb3Zlcl9waWMiOiIxNTM2NjU4ODYzLjY3MzI4NTUud2VicCIsIm5hbWUiOiJcdTgwYTVcdTcyNWJcdTk5NmQiLCJwcmljZSI6MTkuMCwic3RhdHVzIjoxLCJjcmVhdGVfYXQiOiIyMDE4LTA5LTExIDA5OjQxOjAzIiwidXBkYXRlX2F0IjoiMjAxOC0wOS0xMSAwOTo0MTowMyJ9LCI4Ijp7ImlkIjo4LCJzaG9wX2lkIjoxLCJjYXRlZ29yeV9pZCI6MiwiY292ZXJfcGljIjoiMTUzNjY1ODk2MC4zOTU0MTM0LndlYnAiLCJuYW1lIjoiXHU2NWUwXHU5YWE4XHU1NDk2XHU1NWIxXHU5ZTIxXHU5OTZkIiwicHJpY2UiOjE4LjAsInN0YXR1cyI6MSwiY3JlYXRlX2F0IjoiMjAxOC0wOS0xMSAwOTo0Mjo0MCIsInVwZGF0ZV9hdCI6IjIwMTgtMDktMTEgMDk6NDI6NDAifSwiOSI6eyJpZCI6OSwic2hvcF9pZCI6MSwiY2F0ZWdvcnlfaWQiOjMsImNvdmVyX3BpYyI6IjE1MzY2NTkwNjUuNzk3MjYzNi53ZWJwIiwibmFtZSI6Ilx1NTM1NVx1NGVmZFx1NzU2YVx1ODMwNFx1OWUyMVx1ODZjYiIsInByaWNlIjo4LjAsInN0YXR1cyI6MSwiY3JlYXRlX2F0IjoiMjAxOC0wOS0xMSAwOTo0NDoyNSIsInVwZGF0ZV9hdCI6IjIwMTgtMDktMTEgMDk6NDQ6MjUifSwiMTAiOnsiaWQiOjEwLCJzaG9wX2lkIjoxLCJjYXRlZ29yeV9pZCI6MywiY292ZXJfcGljIjoiMTUzNjY1OTExNC4wNDQwMjM1LndlYnAiLCJuYW1lIjoiXHU1MzU1XHU0ZWZkXHU2NzI4XHU5ODdiXHU4MDg5IiwicHJpY2UiOjguMCwic3RhdHVzIjoxLCJjcmVhdGVfYXQiOiIyMDE4LTA5LTExIDA5OjQ1OjE0IiwidXBkYXRlX2F0IjoiMjAxOC0wOS0xMSAwOTo0NToxNCJ9LCIxMSI6eyJpZCI6MTEsInNob3BfaWQiOjEsImNhdGVnb3J5X2lkIjozLCJjb3Zlcl9waWMiOiIxNTM2NjU5MTk3LjcyMzEyMjEud2VicCIsIm5hbWUiOiJcdTgzZGNcdTVmYzMiLCJwcmljZSI6Ni4wLCJzdGF0dXMiOjEsImNyZWF0ZV9hdCI6IjIwMTgtMDktMTEgMDk6NDY6MzciLCJ1cGRhdGVfYXQiOiIyMDE4LTA5LTExIDA5OjQ2OjM3In0sIjEyIjp7ImlkIjoxMiwic2hvcF9pZCI6MSwiY2F0ZWdvcnlfaWQiOjMsImNvdmVyX3BpYyI6IjE1MzY2NTkyNTMuODg0MjcxNi53ZWJwIiwibmFtZSI6Ilx1NTM1NVx1NGVmZFx1OTk5OVx1OGZhM1x1N2IwYlx1NWU3Mlx1NzBlN1x1ODA4OSIsInByaWNlIjoxNS4wLCJzdGF0dXMiOjEsImNyZWF0ZV9hdCI6IjIwMTgtMDktMTEgMDk6NDc6MzMiLCJ1cGRhdGVfYXQiOiIyMDE4LTA5LTExIDA5OjQ3OjMzIiwibnVtIjoxfSwiMTMiOnsiaWQiOjEzLCJzaG9wX2lkIjoxLCJjYXRlZ29yeV9pZCI6NCwiY292ZXJfcGljIjoiMTUzNjY1OTMxMS44Njk5NDkzLndlYnAiLCJuYW1lIjoiXHU3NTZhXHU4MzA0XHU4NmNiXHU4MmIxXHU2YzY0IiwicHJpY2UiOjQuMCwic3RhdHVzIjoxLCJjcmVhdGVfYXQiOiIyMDE4LTA5LTExIDA5OjQ4OjMxIiwidXBkYXRlX2F0IjoiMjAxOC0wOS0xMSAwOTo0ODozMSIsIm51bSI6MX0sIjE0Ijp7ImlkIjoxNCwic2hvcF9pZCI6MSwiY2F0ZWdvcnlfaWQiOjQsImNvdmVyX3BpYyI6IjE1MzY2NTkzNjQuNzg5MjUxMy53ZWJwIiwibmFtZSI6Ilx1NzM4Ylx1ODAwMVx1NTQwOSIsInByaWNlIjo2LjAsInN0YXR1cyI6MSwiY3JlYXRlX2F0IjoiMjAxOC0wOS0xMSAwOTo0OToyNCIsInVwZGF0ZV9hdCI6IjIwMTgtMDktMTEgMDk6NDk6MjQifSwiMTUiOnsiaWQiOjE1LCJzaG9wX2lkIjoxLCJjYXRlZ29yeV9pZCI6NCwiY292ZXJfcGljIjoiMTUzNjY1OTU2My4zODk3NjQ4LndlYnAiLCJuYW1lIjoiXHU2NzljXHU3YzkyXHU2YTU5IiwicHJpY2UiOjUuMCwic3RhdHVzIjoxLCJjcmVhdGVfYXQiOiIyMDE4LTA5LTExIDA5OjUyOjQzIiwidXBkYXRlX2F0IjoiMjAxOC0wOS0xMSAwOTo1Mjo0MyJ9LCIxNiI6eyJpZCI6MTYsInNob3BfaWQiOjEsImNhdGVnb3J5X2lkIjo0LCJjb3Zlcl9waWMiOiIxNTM2NjU5NjA1LjU1NjE3NzEud2VicCIsIm5hbWUiOiJcdTc3ZmZcdTZjYzlcdTZjMzQiLCJwcmljZSI6My4wLCJzdGF0dXMiOjEsImNyZWF0ZV9hdCI6IjIwMTgtMDktMTEgMDk6NTM6MjUiLCJ1cGRhdGVfYXQiOiIyMDE4LTA5LTExIDA5OjUzOjI1In0sIjE3Ijp7ImlkIjoxNywic2hvcF9pZCI6MSwiY2F0ZWdvcnlfaWQiOjQsImNvdmVyX3BpYyI6IjE1MzY2NTk2ODguNDg1NjE1Ny53ZWJwIiwibmFtZSI6Ilx1NGU0Y1x1Njg4NVx1NmM0MSIsInByaWNlIjo0LjAsInN0YXR1cyI6MSwiY3JlYXRlX2F0IjoiMjAxOC0wOS0xMSAwOTo1NDo0OCIsInVwZGF0ZV9hdCI6IjIwMTgtMDktMTEgMDk6NTQ6NDgifX0sInRvdGFsX21vbmV5IjowLCJhZG1pbnVzZXIiOnsiaWQiOjEsInVzZXJuYW1lIjoiemhhbmdzYW4iLCJuaWNrbmFtZSI6Ilx1NWYyMFx1NGUwOSIsInBhc3N3b3JkX2hhc2giOiIxZTE5MWQ4NTFiM2I0OWEyNDhmNGVhNjJmNmIwNjQxMCIsInBhc3N3b3JkX3NhbHQiOiIxMjM0NTYiLCJzdGF0dXMiOjEsImNyZWF0ZV9hdCI6IjIwMTgtMDgtMDggMTg6MTg6MTgiLCJ1cGRhdGVfYXQiOiIyMDE4LTA5LTA3IDA4OjA2OjU1In19','2018-10-29 01:27:35.831632'),('kg8hf0va44qta4ted3hjreszlph38evn','MDNlNWIzYWE3YmRlYWFlNDUzNzQ4ZTg0MWUxMTYyNDNiMGNkYzlmYjp7InZlcmlmeWNvZGUiOiI5MDE4In0=','2018-11-17 03:49:52.341283'),('l79ehr7ff6hw57y57igmhi27i3tymoea','ZWRmOTRiZWM5ZGZhZTVlYWJhMGEyNDA1YmE4ZmI5YjYxMTM4Mzk4Yzp7InZlcmlmeWNvZGUiOiIzMjgzIn0=','2018-11-17 01:54:31.067212'),('lsjk5of73gczzqwj0u99c1ap89e8k58i','NDQ5NDlhMThhYWM5MGNmMmY0NjAzZGFlMWFjOWJjYThiODdiYmE5Yjp7Im1lbWJlcl91c2VyIjp7ImlkIjoxMiwibmlja25hbWUiOiJcdTk4N2VcdTViYTIiLCJhdmF0YXIiOiJtb3Jlbi5wbmciLCJtb2JpbGUiOiIxODY0MjgwNTU2NCIsInN0YXR1cyI6MSwiY3JlYXRlX2F0IjoiMjAxOC0xMS0wNCAwNjowNTozNyIsInVwZGF0ZV9hdCI6IjIwMTgtMTEtMDQgMDY6MDU6MzcifSwic2hvcGluZm8iOnsiaWQiOjEsIm5hbWUiOiJcdTc1MzBcdTgwMDFcdTVlMDhcdTdlYTJcdTcwZTdcdTgwODkiLCJzaG9wIjoiXHU2NzFkXHU5NjMzXHU1YzA2XHU1M2YwXHU4ZGVmXHU1ZTk3IiwiY292ZXJfcGljIjoiMTIzNDEyMzQuanBnIiwiYmFubmVyX3BpYyI6ImxnLmpwZyIsImFkZHJlc3MiOiJcdTUzMTdcdTRlYWNcdTVlMDJcdTY3MWRcdTk2MzNcdTUzM2FcdTVjMDZcdTUzZjBcdTRlNjFcdTRlMWNcdTUxNmJcdTk1ZjRcdTYyM2ZcdTY3NTFcdTg5N2ZcdTRlMzQ4XHU1M2Y3IiwicGhvbmUiOiIxMjM0NTY3ODkwNSIsInN0YXR1cyI6MSwiY3JlYXRlX2F0IjoiMjAxOC0wOC0yMCAxMDoxMjozNCIsInVwZGF0ZV9hdCI6IjIwMTgtMDktMDIgMTI6MzQ6NTYifX0=','2018-11-18 06:05:55.919905'),('md7zkd6uumo24k6ft8ec0b7gf39kli70','MjRkNzc1NWQwODQyYzE0ZTAwODY0YTQ0NjhhZmExZjc5NmJlZWEzOTp7Im1lbWJlcl91c2VyIjp7ImlkIjoxNCwibmlja25hbWUiOiJcdTk4N2VcdTViYTIiLCJhdmF0YXIiOiJtb3Jlbi5wbmciLCJtb2JpbGUiOiIxMzE2MTQ4NTc5OSIsInN0YXR1cyI6MSwiY3JlYXRlX2F0IjoiMjAxOC0xMS0wNCAwNjowNzowOSIsInVwZGF0ZV9hdCI6IjIwMTgtMTEtMDQgMDY6MDc6MDkifSwic2hvcGluZm8iOnsiaWQiOjEsIm5hbWUiOiJcdTc1MzBcdTgwMDFcdTVlMDhcdTdlYTJcdTcwZTdcdTgwODkiLCJzaG9wIjoiXHU2NzFkXHU5NjMzXHU1YzA2XHU1M2YwXHU4ZGVmXHU1ZTk3IiwiY292ZXJfcGljIjoiMTIzNDEyMzQuanBnIiwiYmFubmVyX3BpYyI6ImxnLmpwZyIsImFkZHJlc3MiOiJcdTUzMTdcdTRlYWNcdTVlMDJcdTY3MWRcdTk2MzNcdTUzM2FcdTVjMDZcdTUzZjBcdTRlNjFcdTRlMWNcdTUxNmJcdTk1ZjRcdTYyM2ZcdTY3NTFcdTg5N2ZcdTRlMzQ4XHU1M2Y3IiwicGhvbmUiOiIxMjM0NTY3ODkwNSIsInN0YXR1cyI6MSwiY3JlYXRlX2F0IjoiMjAxOC0wOC0yMCAxMDoxMjozNCIsInVwZGF0ZV9hdCI6IjIwMTgtMDktMDIgMTI6MzQ6NTYifX0=','2018-11-18 06:07:49.037533'),('mqkiwhzpi08zqsf9zhygbidr06wga9lg','YmZjYTljYWQwNzNlM2I2NzIyNDIxODM1MTYxNDkzM2VjZjMxZDlkNDp7InZlcmlmeWNvZGUiOiI4OTEzIiwid2VidXNlciI6eyJpZCI6MSwidXNlcm5hbWUiOiJ6aGFuZ3NhbiIsIm5pY2tuYW1lIjoiXHU1ZjIwXHU0ZTA5IiwicGFzc3dvcmRfaGFzaCI6IjFlMTkxZDg1MWIzYjQ5YTI0OGY0ZWE2MmY2YjA2NDEwIiwicGFzc3dvcmRfc2FsdCI6IjEyMzQ1NiIsInN0YXR1cyI6MSwiY3JlYXRlX2F0IjoiMjAxOC0wOC0wOCAxODoxODoxOCIsInVwZGF0ZV9hdCI6IjIwMTgtMDktMDcgMDg6MDY6NTUifSwic2hvcGluZm8iOnsiaWQiOjEsIm5hbWUiOiJcdTc1MzBcdTgwMDFcdTVlMDhcdTdlYTJcdTcwZTdcdTgwODkiLCJzaG9wIjoiXHU2NzFkXHU5NjMzXHU1YzA2XHU1M2YwXHU4ZGVmXHU1ZTk3IiwiY292ZXJfcGljIjoiMTIzNDEyMzQuanBnIiwiYmFubmVyX3BpYyI6ImxnLmpwZyIsImFkZHJlc3MiOiJcdTUzMTdcdTRlYWNcdTVlMDJcdTY3MWRcdTk2MzNcdTUzM2FcdTVjMDZcdTUzZjBcdTRlNjFcdTRlMWNcdTUxNmJcdTk1ZjRcdTYyM2ZcdTY3NTFcdTg5N2ZcdTRlMzQ4XHU1M2Y3IiwicGhvbmUiOiIxMjM0NTY3ODkwNSIsInN0YXR1cyI6MSwiY3JlYXRlX2F0IjoiMjAxOC0wOC0yMCAxMDoxMjozNCIsInVwZGF0ZV9hdCI6IjIwMTgtMDktMDIgMTI6MzQ6NTYifSwidG90YWxfbW9uZXkiOjB9','2018-12-20 08:59:44.632971'),('ngacff0bjbccnuolg62fxouvcbu31gz2','YmQzNjIxNzc3NjhiM2VkZDEzYTFiZDkyMTQ1ZWViYWYxM2U3YjViNzp7InZlcmlmeWNvZGUiOiI1MzgzIiwiYWRtaW51c2VyIjp7ImlkIjoxLCJ1c2VybmFtZSI6InpoYW5nc2FuIiwibmlja25hbWUiOiJcdTVmMjBcdTRlMDkiLCJwYXNzd29yZF9oYXNoIjoiMWUxOTFkODUxYjNiNDlhMjQ4ZjRlYTYyZjZiMDY0MTAiLCJwYXNzd29yZF9zYWx0IjoiMTIzNDU2Iiwic3RhdHVzIjoxLCJjcmVhdGVfYXQiOiIyMDE4LTA4LTA4IDE4OjE4OjE4IiwidXBkYXRlX2F0IjoiMjAxOC0wOS0wNyAwODowNjo1NSJ9LCJ3ZWJ1c2VyIjp7ImlkIjoxLCJ1c2VybmFtZSI6InpoYW5nc2FuIiwibmlja25hbWUiOiJcdTVmMjBcdTRlMDkiLCJwYXNzd29yZF9oYXNoIjoiMWUxOTFkODUxYjNiNDlhMjQ4ZjRlYTYyZjZiMDY0MTAiLCJwYXNzd29yZF9zYWx0IjoiMTIzNDU2Iiwic3RhdHVzIjoxLCJjcmVhdGVfYXQiOiIyMDE4LTA4LTA4IDE4OjE4OjE4IiwidXBkYXRlX2F0IjoiMjAxOC0wOS0wNyAwODowNjo1NSJ9LCJzaG9waW5mbyI6eyJpZCI6MSwibmFtZSI6Ilx1NzUzMFx1ODAwMVx1NWUwOFx1N2VhMlx1NzBlN1x1ODA4OSIsInNob3AiOiJcdTY3MWRcdTk2MzNcdTVjMDZcdTUzZjBcdThkZWZcdTVlOTciLCJjb3Zlcl9waWMiOiIxMjM0MTIzNC5qcGciLCJiYW5uZXJfcGljIjoibGcuanBnIiwiYWRkcmVzcyI6Ilx1NTMxN1x1NGVhY1x1NWUwMlx1NjcxZFx1OTYzM1x1NTMzYVx1NWMwNlx1NTNmMFx1NGU2MVx1NGUxY1x1NTE2Ylx1OTVmNFx1NjIzZlx1Njc1MVx1ODk3Zlx1NGUzNDhcdTUzZjciLCJwaG9uZSI6IjEyMzQ1Njc4OTA1Iiwic3RhdHVzIjoxLCJjcmVhdGVfYXQiOiIyMDE4LTA4LTIwIDEwOjEyOjM0IiwidXBkYXRlX2F0IjoiMjAxOC0wOS0wMiAxMjozNDo1NiJ9LCJ0b3RhbF9tb25leSI6NDcuMCwiY2FydGxpc3QiOnsiMSI6eyJpZCI6MSwic2hvcF9pZCI6MSwiY2F0ZWdvcnlfaWQiOjEsImNvdmVyX3BpYyI6IjE1NDEyMDc4NDkuMjI1ODkyLmpwZWciLCJuYW1lIjoiXHU3ZWEyXHU3MGU3XHU4MDg5K1x1NzJlZVx1NWI1MFx1NTkzNCtcdTk5NmVcdTY1OTkiLCJwcmljZSI6MjUuMCwic3RhdHVzIjoxLCJjcmVhdGVfYXQiOiIyMDE4LTA5LTExIDA5OjIwOjIwIiwidXBkYXRlX2F0IjoiMjAxOC0xMS0wMyAwMToxNzoyOSIsIm51bSI6MX0sIjIiOnsiaWQiOjIsInNob3BfaWQiOjEsImNhdGVnb3J5X2lkIjoxLCJjb3Zlcl9waWMiOiIxNTQxMjA3NzM3LjAyMjkyMy5qcGVnIiwibmFtZSI6Ilx1N2VhMlx1NzBlN1x1ODA4OStcdTc1NmFcdTgzMDRcdTllMjFcdTg2Y2IiLCJwcmljZSI6MjIuMCwic3RhdHVzIjoxLCJjcmVhdGVfYXQiOiIyMDE4LTA5LTExIDA5OjMyOjMyIiwidXBkYXRlX2F0IjoiMjAxOC0xMS0wMyAwMToxNTozNyIsIm51bSI6MX19fQ==','2018-11-26 08:06:43.327906'),('o1dko63sdlc842j9ap6n25bn85ehn4uh','ZTMxMzk2NDZiMDcxMDYyMjYwNjhhNjQwMTk4OTIxOTVkZDhhNGQ2YTp7Im1lbWJlcl91c2VyIjp7ImlkIjoxMywibmlja25hbWUiOiJcdTk4N2VcdTViYTIiLCJhdmF0YXIiOiJtb3Jlbi5wbmciLCJtb2JpbGUiOiIxMzExNjA1MTcyOSIsInN0YXR1cyI6MSwiY3JlYXRlX2F0IjoiMjAxOC0xMS0wNCAwNjowNjo1NiIsInVwZGF0ZV9hdCI6IjIwMTgtMTEtMDQgMDY6MDY6NTYifSwic2hvcGluZm8iOnsiaWQiOjEsIm5hbWUiOiJcdTc1MzBcdTgwMDFcdTVlMDhcdTdlYTJcdTcwZTdcdTgwODkiLCJzaG9wIjoiXHU2NzFkXHU5NjMzXHU1YzA2XHU1M2YwXHU4ZGVmXHU1ZTk3IiwiY292ZXJfcGljIjoiMTIzNDEyMzQuanBnIiwiYmFubmVyX3BpYyI6ImxnLmpwZyIsImFkZHJlc3MiOiJcdTUzMTdcdTRlYWNcdTVlMDJcdTY3MWRcdTk2MzNcdTUzM2FcdTVjMDZcdTUzZjBcdTRlNjFcdTRlMWNcdTUxNmJcdTk1ZjRcdTYyM2ZcdTY3NTFcdTg5N2ZcdTRlMzQ4XHU1M2Y3IiwicGhvbmUiOiIxMjM0NTY3ODkwNSIsInN0YXR1cyI6MSwiY3JlYXRlX2F0IjoiMjAxOC0wOC0yMCAxMDoxMjozNCIsInVwZGF0ZV9hdCI6IjIwMTgtMDktMDIgMTI6MzQ6NTYifX0=','2018-11-18 06:07:29.744802'),('p3jk6hllhrji7wvf2bok7y2g4v0dwr9h','MDhlOWU0YmRmNjE4MmEzYzllMjc0Y2Y4MWMxY2MzZDE5M2IwZTY5MTp7Im1lbWJlcl91c2VyIjp7ImlkIjo1LCJuaWNrbmFtZSI6Ilx1OTg3ZVx1NWJhMiIsImF2YXRhciI6Im1vcmVuLnBuZyIsIm1vYmlsZSI6IjEyMzQ1Njc4OTAxIiwic3RhdHVzIjoxLCJjcmVhdGVfYXQiOiIyMDE4LTExLTA0IDAyOjU2OjEyIiwidXBkYXRlX2F0IjoiMjAxOC0xMS0wNCAwMjo1NjoxMiJ9LCJzaG9waW5mbyI6eyJpZCI6MSwibmFtZSI6Ilx1NzUzMFx1ODAwMVx1NWUwOFx1N2VhMlx1NzBlN1x1ODA4OSIsInNob3AiOiJcdTY3MWRcdTk2MzNcdTVjMDZcdTUzZjBcdThkZWZcdTVlOTciLCJjb3Zlcl9waWMiOiIxMjM0MTIzNC5qcGciLCJiYW5uZXJfcGljIjoibGcuanBnIiwiYWRkcmVzcyI6Ilx1NTMxN1x1NGVhY1x1NWUwMlx1NjcxZFx1OTYzM1x1NTMzYVx1NWMwNlx1NTNmMFx1NGU2MVx1NGUxY1x1NTE2Ylx1OTVmNFx1NjIzZlx1Njc1MVx1ODk3Zlx1NGUzNDhcdTUzZjciLCJwaG9uZSI6IjEyMzQ1Njc4OTA1Iiwic3RhdHVzIjoxLCJjcmVhdGVfYXQiOiIyMDE4LTA4LTIwIDEwOjEyOjM0IiwidXBkYXRlX2F0IjoiMjAxOC0wOS0wMiAxMjozNDo1NiJ9fQ==','2018-12-20 09:04:36.205041'),('p4tdm0shbes9q9jz827vg7htauwetss0','YTJhYmU5MDkyZmFhYjBhYWNkOWQ2YWM3MzgxMDk4NzBhY2NhZDA1Njp7InZlcmlmeWNvZGUiOiI1MzI1In0=','2018-11-17 02:01:14.952525'),('ptz3mgjmabd26yroetq0h2j4g5jusm8k','MDhlOWU0YmRmNjE4MmEzYzllMjc0Y2Y4MWMxY2MzZDE5M2IwZTY5MTp7Im1lbWJlcl91c2VyIjp7ImlkIjo1LCJuaWNrbmFtZSI6Ilx1OTg3ZVx1NWJhMiIsImF2YXRhciI6Im1vcmVuLnBuZyIsIm1vYmlsZSI6IjEyMzQ1Njc4OTAxIiwic3RhdHVzIjoxLCJjcmVhdGVfYXQiOiIyMDE4LTExLTA0IDAyOjU2OjEyIiwidXBkYXRlX2F0IjoiMjAxOC0xMS0wNCAwMjo1NjoxMiJ9LCJzaG9waW5mbyI6eyJpZCI6MSwibmFtZSI6Ilx1NzUzMFx1ODAwMVx1NWUwOFx1N2VhMlx1NzBlN1x1ODA4OSIsInNob3AiOiJcdTY3MWRcdTk2MzNcdTVjMDZcdTUzZjBcdThkZWZcdTVlOTciLCJjb3Zlcl9waWMiOiIxMjM0MTIzNC5qcGciLCJiYW5uZXJfcGljIjoibGcuanBnIiwiYWRkcmVzcyI6Ilx1NTMxN1x1NGVhY1x1NWUwMlx1NjcxZFx1OTYzM1x1NTMzYVx1NWMwNlx1NTNmMFx1NGU2MVx1NGUxY1x1NTE2Ylx1OTVmNFx1NjIzZlx1Njc1MVx1ODk3Zlx1NGUzNDhcdTUzZjciLCJwaG9uZSI6IjEyMzQ1Njc4OTA1Iiwic3RhdHVzIjoxLCJjcmVhdGVfYXQiOiIyMDE4LTA4LTIwIDEwOjEyOjM0IiwidXBkYXRlX2F0IjoiMjAxOC0wOS0wMiAxMjozNDo1NiJ9fQ==','2018-11-18 06:01:58.822763'),('pzf70x1wi4n45ovlfmk0q6sygwyxlasd','NjM5YTM5N2QwNmEwZDQyMWFkZjVkMWNmNGJlMTcxMjYxNzBjZDBjMzp7InZlcmlmeWNvZGUiOiI3OTM3Iiwid2VidXNlciI6eyJpZCI6MSwidXNlcm5hbWUiOiJ6aGFuZ3NhbiIsIm5pY2tuYW1lIjoiXHU1ZjIwXHU0ZTA5IiwicGFzc3dvcmRfaGFzaCI6IjFlMTkxZDg1MWIzYjQ5YTI0OGY0ZWE2MmY2YjA2NDEwIiwicGFzc3dvcmRfc2FsdCI6IjEyMzQ1NiIsInN0YXR1cyI6MSwiY3JlYXRlX2F0IjoiMjAxOC0wOC0wOCAxODoxODoxOCIsInVwZGF0ZV9hdCI6IjIwMTgtMDktMDcgMDg6MDY6NTUifSwic2hvcGluZm8iOnsiaWQiOjEsIm5hbWUiOiJcdTc1MzBcdTgwMDFcdTVlMDhcdTdlYTJcdTcwZTdcdTgwODkiLCJzaG9wIjoiXHU2NzFkXHU5NjMzXHU1YzA2XHU1M2YwXHU4ZGVmXHU1ZTk3IiwiY292ZXJfcGljIjoiMTIzNDEyMzQuanBnIiwiYmFubmVyX3BpYyI6ImxnLmpwZyIsImFkZHJlc3MiOiJcdTUzMTdcdTRlYWNcdTVlMDJcdTY3MWRcdTk2MzNcdTUzM2FcdTVjMDZcdTUzZjBcdTRlNjFcdTRlMWNcdTUxNmJcdTk1ZjRcdTYyM2ZcdTY3NTFcdTg5N2ZcdTRlMzQ4XHU1M2Y3IiwicGhvbmUiOiIxMjM0NTY3ODkwNSIsInN0YXR1cyI6MSwiY3JlYXRlX2F0IjoiMjAxOC0wOC0yMCAxMDoxMjozNCIsInVwZGF0ZV9hdCI6IjIwMTgtMDktMDIgMTI6MzQ6NTYifSwidG90YWxfbW9uZXkiOjAsImFkbWludXNlciI6eyJpZCI6MSwidXNlcm5hbWUiOiJ6aGFuZ3NhbiIsIm5pY2tuYW1lIjoiXHU1ZjIwXHU0ZTA5IiwicGFzc3dvcmRfaGFzaCI6IjFlMTkxZDg1MWIzYjQ5YTI0OGY0ZWE2MmY2YjA2NDEwIiwicGFzc3dvcmRfc2FsdCI6IjEyMzQ1NiIsInN0YXR1cyI6MSwiY3JlYXRlX2F0IjoiMjAxOC0wOC0wOCAxODoxODoxOCIsInVwZGF0ZV9hdCI6IjIwMTgtMDktMDcgMDg6MDY6NTUifX0=','2018-11-18 07:05:45.323720'),('rqy9izwnkuyrnrimsowns7hfsv7ree49','YzYyYmFiY2M3NzA4YjU0M2U3NmJiMDMzNDhhZmM1NGJlMzBiMDM4Nzp7Im1lbWJlcl91c2VyIjp7ImlkIjoxMSwibmlja25hbWUiOiJcdTk4N2VcdTViYTIiLCJhdmF0YXIiOiJtb3Jlbi5wbmciLCJtb2JpbGUiOiIxMjM0NTY3ODkwOSIsInN0YXR1cyI6MSwiY3JlYXRlX2F0IjoiMjAxOC0xMS0wNCAwNTo0MjoyMSIsInVwZGF0ZV9hdCI6IjIwMTgtMTEtMDQgMDU6NDI6MjEifSwic2hvcGluZm8iOnsiaWQiOjEsIm5hbWUiOiJcdTc1MzBcdTgwMDFcdTVlMDhcdTdlYTJcdTcwZTdcdTgwODkiLCJzaG9wIjoiXHU2NzFkXHU5NjMzXHU1YzA2XHU1M2YwXHU4ZGVmXHU1ZTk3IiwiY292ZXJfcGljIjoiMTIzNDEyMzQuanBnIiwiYmFubmVyX3BpYyI6ImxnLmpwZyIsImFkZHJlc3MiOiJcdTUzMTdcdTRlYWNcdTVlMDJcdTY3MWRcdTk2MzNcdTUzM2FcdTVjMDZcdTUzZjBcdTRlNjFcdTRlMWNcdTUxNmJcdTk1ZjRcdTYyM2ZcdTY3NTFcdTg5N2ZcdTRlMzQ4XHU1M2Y3IiwicGhvbmUiOiIxMjM0NTY3ODkwNSIsInN0YXR1cyI6MSwiY3JlYXRlX2F0IjoiMjAxOC0wOC0yMCAxMDoxMjozNCIsInVwZGF0ZV9hdCI6IjIwMTgtMDktMDIgMTI6MzQ6NTYifX0=','2018-11-18 06:07:46.023502'),('u4831l4cxozpvt1idhyydg7l08pyf2gp','OWZmNzRmZGY4NzJhNjNjZDA3YTk0YWFiM2MyNjUwNGYwODMwOTdlZjp7InZlcmlmeWNvZGUiOiI4MzgwIiwic2hvcGluZm8iOnsiaWQiOjEsIm5hbWUiOiJcdTc1MzBcdTgwMDFcdTVlMDhcdTdlYTJcdTcwZTdcdTgwODkiLCJzaG9wIjoiXHU2NzFkXHU5NjMzXHU1YzA2XHU1M2YwXHU4ZGVmXHU1ZTk3IiwiY292ZXJfcGljIjoiMTIzNDEyMzQuanBnIiwiYmFubmVyX3BpYyI6ImxnLmpwZyIsImFkZHJlc3MiOiJcdTUzMTdcdTRlYWNcdTVlMDJcdTY3MWRcdTk2MzNcdTUzM2FcdTVjMDZcdTUzZjBcdTRlNjFcdTRlMWNcdTUxNmJcdTk1ZjRcdTYyM2ZcdTY3NTFcdTg5N2ZcdTRlMzQ4XHU1M2Y3IiwicGhvbmUiOiIxMjM0NTY3ODkwNSIsInN0YXR1cyI6MSwiY3JlYXRlX2F0IjoiMjAxOC0wOC0yMCAxMDoxMjozNCIsInVwZGF0ZV9hdCI6IjIwMTgtMDktMDIgMTI6MzQ6NTYifSwiY2F0ZWdvcnlpZHMiOlsxLDIsMyw0XSwiY2F0ZWdvcnlsaXN0Ijp7IjEiOnsiaWQiOjEsIm5hbWUiOiJcdTUzY2NcdTYyZmNcdTU5NTdcdTk5MTAiLCJwaWRzIjpbeyJpZCI6MSwic2hvcF9pZCI6MSwiY2F0ZWdvcnlfaWQiOjEsImNvdmVyX3BpYyI6IjE1MzY2NTc2MjAuNTQ4NTcwNC53ZWJwIiwibmFtZSI6Ilx1N2VhMlx1NzBlN1x1ODA4OStcdTcyZWVcdTViNTBcdTU5MzQrXHU5OTZlXHU2NTk5IiwicHJpY2UiOjI1LjAsInN0YXR1cyI6MSwiY3JlYXRlX2F0IjoiMjAxOC0wOS0xMSAwOToyMDoyMCIsInVwZGF0ZV9hdCI6IjIwMTgtMDktMTEgMDk6MzA6MjUifSx7ImlkIjoyLCJzaG9wX2lkIjoxLCJjYXRlZ29yeV9pZCI6MSwiY292ZXJfcGljIjoiMTUzNjY1ODM1Mi45MzQxNTU3LndlYnAiLCJuYW1lIjoiXHU3ZWEyXHU3MGU3XHU4MDg5K1x1NzU2YVx1ODMwNFx1OWUyMVx1ODZjYiIsInByaWNlIjoyMi4wLCJzdGF0dXMiOjEsImNyZWF0ZV9hdCI6IjIwMTgtMDktMTEgMDk6MzI6MzIiLCJ1cGRhdGVfYXQiOiIyMDE4LTA5LTExIDA5OjMyOjMyIn0seyJpZCI6Mywic2hvcF9pZCI6MSwiY2F0ZWdvcnlfaWQiOjEsImNvdmVyX3BpYyI6IjE1MzY2NTg0MTUuNjgzODAwMi53ZWJwIiwibmFtZSI6Ilx1Njg4NVx1ODNkY1x1NjI2M1x1ODA4OStcdTc1NmFcdTgzMDRcdTllMjFcdTg2Y2IiLCJwcmljZSI6MjIuMCwic3RhdHVzIjoxLCJjcmVhdGVfYXQiOiIyMDE4LTA5LTExIDA5OjMzOjM1IiwidXBkYXRlX2F0IjoiMjAxOC0wOS0xMSAwOTozMzozNSJ9LHsiaWQiOjQsInNob3BfaWQiOjEsImNhdGVnb3J5X2lkIjoxLCJjb3Zlcl9waWMiOiIxNTM2NjU4NTc0LjI4NDczNzMud2VicCIsIm5hbWUiOiJcdTgwYTVcdTcyNWIrXHU3NTZhXHU4MzA0XHU5ZTIxXHU4NmNiIiwicHJpY2UiOjIyLjAsInN0YXR1cyI6MSwiY3JlYXRlX2F0IjoiMjAxOC0wOS0xMSAwOTozNjoxNCIsInVwZGF0ZV9hdCI6IjIwMTgtMDktMTEgMDk6MzY6MTQifV19LCIyIjp7ImlkIjoyLCJuYW1lIjoiXHU3NmQ2XHU5OTZkIiwicGlkcyI6W3siaWQiOjUsInNob3BfaWQiOjEsImNhdGVnb3J5X2lkIjoyLCJjb3Zlcl9waWMiOiIxNTM2NjU4NjU5LjA0NDY5OTIud2VicCIsIm5hbWUiOiJcdTY4ODVcdTgzZGNcdTYyNjNcdTgwODlcdTk5NmQiLCJwcmljZSI6MTkuMCwic3RhdHVzIjoxLCJjcmVhdGVfYXQiOiIyMDE4LTA5LTExIDA5OjM3OjM5IiwidXBkYXRlX2F0IjoiMjAxOC0wOS0xMSAwOTozNzozOSJ9LHsiaWQiOjYsInNob3BfaWQiOjEsImNhdGVnb3J5X2lkIjoyLCJjb3Zlcl9waWMiOiIxNTM2NjU4ODI0LjM5NzY1MDUud2VicCIsIm5hbWUiOiJcdTY3MjhcdTk4N2JcdTgwODlcdTk5NmQiLCJwcmljZSI6MTYuMCwic3RhdHVzIjoxLCJjcmVhdGVfYXQiOiIyMDE4LTA5LTExIDA5OjQwOjI0IiwidXBkYXRlX2F0IjoiMjAxOC0wOS0xMSAwOTo0MDoyNCJ9LHsiaWQiOjcsInNob3BfaWQiOjEsImNhdGVnb3J5X2lkIjoyLCJjb3Zlcl9waWMiOiIxNTM2NjU4ODYzLjY3MzI4NTUud2VicCIsIm5hbWUiOiJcdTgwYTVcdTcyNWJcdTk5NmQiLCJwcmljZSI6MTkuMCwic3RhdHVzIjoxLCJjcmVhdGVfYXQiOiIyMDE4LTA5LTExIDA5OjQxOjAzIiwidXBkYXRlX2F0IjoiMjAxOC0wOS0xMSAwOTo0MTowMyJ9LHsiaWQiOjgsInNob3BfaWQiOjEsImNhdGVnb3J5X2lkIjoyLCJjb3Zlcl9waWMiOiIxNTM2NjU4OTYwLjM5NTQxMzQud2VicCIsIm5hbWUiOiJcdTY1ZTBcdTlhYThcdTU0OTZcdTU1YjFcdTllMjFcdTk5NmQiLCJwcmljZSI6MTguMCwic3RhdHVzIjoxLCJjcmVhdGVfYXQiOiIyMDE4LTA5LTExIDA5OjQyOjQwIiwidXBkYXRlX2F0IjoiMjAxOC0wOS0xMSAwOTo0Mjo0MCJ9XX0sIjMiOnsiaWQiOjMsIm5hbWUiOiJcdTVjMGZcdTgzZGMiLCJwaWRzIjpbeyJpZCI6OSwic2hvcF9pZCI6MSwiY2F0ZWdvcnlfaWQiOjMsImNvdmVyX3BpYyI6IjE1MzY2NTkwNjUuNzk3MjYzNi53ZWJwIiwibmFtZSI6Ilx1NTM1NVx1NGVmZFx1NzU2YVx1ODMwNFx1OWUyMVx1ODZjYiIsInByaWNlIjo4LjAsInN0YXR1cyI6MSwiY3JlYXRlX2F0IjoiMjAxOC0wOS0xMSAwOTo0NDoyNSIsInVwZGF0ZV9hdCI6IjIwMTgtMDktMTEgMDk6NDQ6MjUifSx7ImlkIjoxMCwic2hvcF9pZCI6MSwiY2F0ZWdvcnlfaWQiOjMsImNvdmVyX3BpYyI6IjE1MzY2NTkxMTQuMDQ0MDIzNS53ZWJwIiwibmFtZSI6Ilx1NTM1NVx1NGVmZFx1NjcyOFx1OTg3Ylx1ODA4OSIsInByaWNlIjo4LjAsInN0YXR1cyI6MSwiY3JlYXRlX2F0IjoiMjAxOC0wOS0xMSAwOTo0NToxNCIsInVwZGF0ZV9hdCI6IjIwMTgtMDktMTEgMDk6NDU6MTQifSx7ImlkIjoxMSwic2hvcF9pZCI6MSwiY2F0ZWdvcnlfaWQiOjMsImNvdmVyX3BpYyI6IjE1MzY2NTkxOTcuNzIzMTIyMS53ZWJwIiwibmFtZSI6Ilx1ODNkY1x1NWZjMyIsInByaWNlIjo2LjAsInN0YXR1cyI6MSwiY3JlYXRlX2F0IjoiMjAxOC0wOS0xMSAwOTo0NjozNyIsInVwZGF0ZV9hdCI6IjIwMTgtMDktMTEgMDk6NDY6MzcifSx7ImlkIjoxMiwic2hvcF9pZCI6MSwiY2F0ZWdvcnlfaWQiOjMsImNvdmVyX3BpYyI6IjE1MzY2NTkyNTMuODg0MjcxNi53ZWJwIiwibmFtZSI6Ilx1NTM1NVx1NGVmZFx1OTk5OVx1OGZhM1x1N2IwYlx1NWU3Mlx1NzBlN1x1ODA4OSIsInByaWNlIjoxNS4wLCJzdGF0dXMiOjEsImNyZWF0ZV9hdCI6IjIwMTgtMDktMTEgMDk6NDc6MzMiLCJ1cGRhdGVfYXQiOiIyMDE4LTA5LTExIDA5OjQ3OjMzIn1dfSwiNCI6eyJpZCI6NCwibmFtZSI6Ilx1NmM2NC9cdTk5NmVcdTY1OTkiLCJwaWRzIjpbeyJpZCI6MTMsInNob3BfaWQiOjEsImNhdGVnb3J5X2lkIjo0LCJjb3Zlcl9waWMiOiIxNTM2NjU5MzExLjg2OTk0OTMud2VicCIsIm5hbWUiOiJcdTc1NmFcdTgzMDRcdTg2Y2JcdTgyYjFcdTZjNjQiLCJwcmljZSI6NC4wLCJzdGF0dXMiOjEsImNyZWF0ZV9hdCI6IjIwMTgtMDktMTEgMDk6NDg6MzEiLCJ1cGRhdGVfYXQiOiIyMDE4LTA5LTExIDA5OjQ4OjMxIn0seyJpZCI6MTQsInNob3BfaWQiOjEsImNhdGVnb3J5X2lkIjo0LCJjb3Zlcl9waWMiOiIxNTM2NjU5MzY0Ljc4OTI1MTMud2VicCIsIm5hbWUiOiJcdTczOGJcdTgwMDFcdTU0MDkiLCJwcmljZSI6Ni4wLCJzdGF0dXMiOjEsImNyZWF0ZV9hdCI6IjIwMTgtMDktMTEgMDk6NDk6MjQiLCJ1cGRhdGVfYXQiOiIyMDE4LTA5LTExIDA5OjQ5OjI0In0seyJpZCI6MTUsInNob3BfaWQiOjEsImNhdGVnb3J5X2lkIjo0LCJjb3Zlcl9waWMiOiIxNTM2NjU5NTYzLjM4OTc2NDgud2VicCIsIm5hbWUiOiJcdTY3OWNcdTdjOTJcdTZhNTkiLCJwcmljZSI6NS4wLCJzdGF0dXMiOjEsImNyZWF0ZV9hdCI6IjIwMTgtMDktMTEgMDk6NTI6NDMiLCJ1cGRhdGVfYXQiOiIyMDE4LTA5LTExIDA5OjUyOjQzIn0seyJpZCI6MTYsInNob3BfaWQiOjEsImNhdGVnb3J5X2lkIjo0LCJjb3Zlcl9waWMiOiIxNTM2NjU5NjA1LjU1NjE3NzEud2VicCIsIm5hbWUiOiJcdTc3ZmZcdTZjYzlcdTZjMzQiLCJwcmljZSI6My4wLCJzdGF0dXMiOjEsImNyZWF0ZV9hdCI6IjIwMTgtMDktMTEgMDk6NTM6MjUiLCJ1cGRhdGVfYXQiOiIyMDE4LTA5LTExIDA5OjUzOjI1In0seyJpZCI6MTcsInNob3BfaWQiOjEsImNhdGVnb3J5X2lkIjo0LCJjb3Zlcl9waWMiOiIxNTM2NjU5Njg4LjQ4NTYxNTcud2VicCIsIm5hbWUiOiJcdTRlNGNcdTY4ODVcdTZjNDEiLCJwcmljZSI6NC4wLCJzdGF0dXMiOjEsImNyZWF0ZV9hdCI6IjIwMTgtMDktMTEgMDk6NTQ6NDgiLCJ1cGRhdGVfYXQiOiIyMDE4LTA5LTExIDA5OjU0OjQ4In1dfX0sInByb2R1Y3RsaXN0Ijp7IjEiOnsiaWQiOjEsInNob3BfaWQiOjEsImNhdGVnb3J5X2lkIjoxLCJjb3Zlcl9waWMiOiIxNTM2NjU3NjIwLjU0ODU3MDQud2VicCIsIm5hbWUiOiJcdTdlYTJcdTcwZTdcdTgwODkrXHU3MmVlXHU1YjUwXHU1OTM0K1x1OTk2ZVx1NjU5OSIsInByaWNlIjoyNS4wLCJzdGF0dXMiOjEsImNyZWF0ZV9hdCI6IjIwMTgtMDktMTEgMDk6MjA6MjAiLCJ1cGRhdGVfYXQiOiIyMDE4LTA5LTExIDA5OjMwOjI1IiwibnVtIjoxfSwiMiI6eyJpZCI6Miwic2hvcF9pZCI6MSwiY2F0ZWdvcnlfaWQiOjEsImNvdmVyX3BpYyI6IjE1MzY2NTgzNTIuOTM0MTU1Ny53ZWJwIiwibmFtZSI6Ilx1N2VhMlx1NzBlN1x1ODA4OStcdTc1NmFcdTgzMDRcdTllMjFcdTg2Y2IiLCJwcmljZSI6MjIuMCwic3RhdHVzIjoxLCJjcmVhdGVfYXQiOiIyMDE4LTA5LTExIDA5OjMyOjMyIiwidXBkYXRlX2F0IjoiMjAxOC0wOS0xMSAwOTozMjozMiIsIm51bSI6MX0sIjMiOnsiaWQiOjMsInNob3BfaWQiOjEsImNhdGVnb3J5X2lkIjoxLCJjb3Zlcl9waWMiOiIxNTM2NjU4NDE1LjY4MzgwMDIud2VicCIsIm5hbWUiOiJcdTY4ODVcdTgzZGNcdTYyNjNcdTgwODkrXHU3NTZhXHU4MzA0XHU5ZTIxXHU4NmNiIiwicHJpY2UiOjIyLjAsInN0YXR1cyI6MSwiY3JlYXRlX2F0IjoiMjAxOC0wOS0xMSAwOTozMzozNSIsInVwZGF0ZV9hdCI6IjIwMTgtMDktMTEgMDk6MzM6MzUiLCJudW0iOjF9LCI0Ijp7ImlkIjo0LCJzaG9wX2lkIjoxLCJjYXRlZ29yeV9pZCI6MSwiY292ZXJfcGljIjoiMTUzNjY1ODU3NC4yODQ3MzczLndlYnAiLCJuYW1lIjoiXHU4MGE1XHU3MjViK1x1NzU2YVx1ODMwNFx1OWUyMVx1ODZjYiIsInByaWNlIjoyMi4wLCJzdGF0dXMiOjEsImNyZWF0ZV9hdCI6IjIwMTgtMDktMTEgMDk6MzY6MTQiLCJ1cGRhdGVfYXQiOiIyMDE4LTA5LTExIDA5OjM2OjE0In0sIjUiOnsiaWQiOjUsInNob3BfaWQiOjEsImNhdGVnb3J5X2lkIjoyLCJjb3Zlcl9waWMiOiIxNTM2NjU4NjU5LjA0NDY5OTIud2VicCIsIm5hbWUiOiJcdTY4ODVcdTgzZGNcdTYyNjNcdTgwODlcdTk5NmQiLCJwcmljZSI6MTkuMCwic3RhdHVzIjoxLCJjcmVhdGVfYXQiOiIyMDE4LTA5LTExIDA5OjM3OjM5IiwidXBkYXRlX2F0IjoiMjAxOC0wOS0xMSAwOTozNzozOSJ9LCI2Ijp7ImlkIjo2LCJzaG9wX2lkIjoxLCJjYXRlZ29yeV9pZCI6MiwiY292ZXJfcGljIjoiMTUzNjY1ODgyNC4zOTc2NTA1LndlYnAiLCJuYW1lIjoiXHU2NzI4XHU5ODdiXHU4MDg5XHU5OTZkIiwicHJpY2UiOjE2LjAsInN0YXR1cyI6MSwiY3JlYXRlX2F0IjoiMjAxOC0wOS0xMSAwOTo0MDoyNCIsInVwZGF0ZV9hdCI6IjIwMTgtMDktMTEgMDk6NDA6MjQiLCJudW0iOjF9LCI3Ijp7ImlkIjo3LCJzaG9wX2lkIjoxLCJjYXRlZ29yeV9pZCI6MiwiY292ZXJfcGljIjoiMTUzNjY1ODg2My42NzMyODU1LndlYnAiLCJuYW1lIjoiXHU4MGE1XHU3MjViXHU5OTZkIiwicHJpY2UiOjE5LjAsInN0YXR1cyI6MSwiY3JlYXRlX2F0IjoiMjAxOC0wOS0xMSAwOTo0MTowMyIsInVwZGF0ZV9hdCI6IjIwMTgtMDktMTEgMDk6NDE6MDMiLCJudW0iOjF9LCI4Ijp7ImlkIjo4LCJzaG9wX2lkIjoxLCJjYXRlZ29yeV9pZCI6MiwiY292ZXJfcGljIjoiMTUzNjY1ODk2MC4zOTU0MTM0LndlYnAiLCJuYW1lIjoiXHU2NWUwXHU5YWE4XHU1NDk2XHU1NWIxXHU5ZTIxXHU5OTZkIiwicHJpY2UiOjE4LjAsInN0YXR1cyI6MSwiY3JlYXRlX2F0IjoiMjAxOC0wOS0xMSAwOTo0Mjo0MCIsInVwZGF0ZV9hdCI6IjIwMTgtMDktMTEgMDk6NDI6NDAifSwiOSI6eyJpZCI6OSwic2hvcF9pZCI6MSwiY2F0ZWdvcnlfaWQiOjMsImNvdmVyX3BpYyI6IjE1MzY2NTkwNjUuNzk3MjYzNi53ZWJwIiwibmFtZSI6Ilx1NTM1NVx1NGVmZFx1NzU2YVx1ODMwNFx1OWUyMVx1ODZjYiIsInByaWNlIjo4LjAsInN0YXR1cyI6MSwiY3JlYXRlX2F0IjoiMjAxOC0wOS0xMSAwOTo0NDoyNSIsInVwZGF0ZV9hdCI6IjIwMTgtMDktMTEgMDk6NDQ6MjUiLCJudW0iOjF9LCIxMCI6eyJpZCI6MTAsInNob3BfaWQiOjEsImNhdGVnb3J5X2lkIjozLCJjb3Zlcl9waWMiOiIxNTM2NjU5MTE0LjA0NDAyMzUud2VicCIsIm5hbWUiOiJcdTUzNTVcdTRlZmRcdTY3MjhcdTk4N2JcdTgwODkiLCJwcmljZSI6OC4wLCJzdGF0dXMiOjEsImNyZWF0ZV9hdCI6IjIwMTgtMDktMTEgMDk6NDU6MTQiLCJ1cGRhdGVfYXQiOiIyMDE4LTA5LTExIDA5OjQ1OjE0IiwibnVtIjoxfSwiMTEiOnsiaWQiOjExLCJzaG9wX2lkIjoxLCJjYXRlZ29yeV9pZCI6MywiY292ZXJfcGljIjoiMTUzNjY1OTE5Ny43MjMxMjIxLndlYnAiLCJuYW1lIjoiXHU4M2RjXHU1ZmMzIiwicHJpY2UiOjYuMCwic3RhdHVzIjoxLCJjcmVhdGVfYXQiOiIyMDE4LTA5LTExIDA5OjQ2OjM3IiwidXBkYXRlX2F0IjoiMjAxOC0wOS0xMSAwOTo0NjozNyJ9LCIxMiI6eyJpZCI6MTIsInNob3BfaWQiOjEsImNhdGVnb3J5X2lkIjozLCJjb3Zlcl9waWMiOiIxNTM2NjU5MjUzLjg4NDI3MTYud2VicCIsIm5hbWUiOiJcdTUzNTVcdTRlZmRcdTk5OTlcdThmYTNcdTdiMGJcdTVlNzJcdTcwZTdcdTgwODkiLCJwcmljZSI6MTUuMCwic3RhdHVzIjoxLCJjcmVhdGVfYXQiOiIyMDE4LTA5LTExIDA5OjQ3OjMzIiwidXBkYXRlX2F0IjoiMjAxOC0wOS0xMSAwOTo0NzozMyJ9LCIxMyI6eyJpZCI6MTMsInNob3BfaWQiOjEsImNhdGVnb3J5X2lkIjo0LCJjb3Zlcl9waWMiOiIxNTM2NjU5MzExLjg2OTk0OTMud2VicCIsIm5hbWUiOiJcdTc1NmFcdTgzMDRcdTg2Y2JcdTgyYjFcdTZjNjQiLCJwcmljZSI6NC4wLCJzdGF0dXMiOjEsImNyZWF0ZV9hdCI6IjIwMTgtMDktMTEgMDk6NDg6MzEiLCJ1cGRhdGVfYXQiOiIyMDE4LTA5LTExIDA5OjQ4OjMxIiwibnVtIjoxfSwiMTQiOnsiaWQiOjE0LCJzaG9wX2lkIjoxLCJjYXRlZ29yeV9pZCI6NCwiY292ZXJfcGljIjoiMTUzNjY1OTM2NC43ODkyNTEzLndlYnAiLCJuYW1lIjoiXHU3MzhiXHU4MDAxXHU1NDA5IiwicHJpY2UiOjYuMCwic3RhdHVzIjoxLCJjcmVhdGVfYXQiOiIyMDE4LTA5LTExIDA5OjQ5OjI0IiwidXBkYXRlX2F0IjoiMjAxOC0wOS0xMSAwOTo0OToyNCJ9LCIxNSI6eyJpZCI6MTUsInNob3BfaWQiOjEsImNhdGVnb3J5X2lkIjo0LCJjb3Zlcl9waWMiOiIxNTM2NjU5NTYzLjM4OTc2NDgud2VicCIsIm5hbWUiOiJcdTY3OWNcdTdjOTJcdTZhNTkiLCJwcmljZSI6NS4wLCJzdGF0dXMiOjEsImNyZWF0ZV9hdCI6IjIwMTgtMDktMTEgMDk6NTI6NDMiLCJ1cGRhdGVfYXQiOiIyMDE4LTA5LTExIDA5OjUyOjQzIn0sIjE2Ijp7ImlkIjoxNiwic2hvcF9pZCI6MSwiY2F0ZWdvcnlfaWQiOjQsImNvdmVyX3BpYyI6IjE1MzY2NTk2MDUuNTU2MTc3MS53ZWJwIiwibmFtZSI6Ilx1NzdmZlx1NmNjOVx1NmMzNCIsInByaWNlIjozLjAsInN0YXR1cyI6MSwiY3JlYXRlX2F0IjoiMjAxOC0wOS0xMSAwOTo1MzoyNSIsInVwZGF0ZV9hdCI6IjIwMTgtMDktMTEgMDk6NTM6MjUifSwiMTciOnsiaWQiOjE3LCJzaG9wX2lkIjoxLCJjYXRlZ29yeV9pZCI6NCwiY292ZXJfcGljIjoiMTUzNjY1OTY4OC40ODU2MTU3LndlYnAiLCJuYW1lIjoiXHU0ZTRjXHU2ODg1XHU2YzQxIiwicHJpY2UiOjQuMCwic3RhdHVzIjoxLCJjcmVhdGVfYXQiOiIyMDE4LTA5LTExIDA5OjU0OjQ4IiwidXBkYXRlX2F0IjoiMjAxOC0wOS0xMSAwOTo1NDo0OCJ9fSwid2VidXNlciI6eyJpZCI6MSwidXNlcm5hbWUiOiJ6aGFuZ3NhbiIsIm5pY2tuYW1lIjoiXHU1ZjIwXHU0ZTA5IiwicGFzc3dvcmRfaGFzaCI6IjFlMTkxZDg1MWIzYjQ5YTI0OGY0ZWE2MmY2YjA2NDEwIiwicGFzc3dvcmRfc2FsdCI6IjEyMzQ1NiIsInN0YXR1cyI6MSwiY3JlYXRlX2F0IjoiMjAxOC0wOC0wOCAxODoxODoxOCIsInVwZGF0ZV9hdCI6IjIwMTgtMDktMDcgMDg6MDY6NTUifSwidG90YWxfbW9uZXkiOjQxLjAsImNhcnRsaXN0Ijp7IjMiOnsiaWQiOjMsInNob3BfaWQiOjEsImNhdGVnb3J5X2lkIjoxLCJjb3Zlcl9waWMiOiIxNTM2NjU4NDE1LjY4MzgwMDIud2VicCIsIm5hbWUiOiJcdTY4ODVcdTgzZGNcdTYyNjNcdTgwODkrXHU3NTZhXHU4MzA0XHU5ZTIxXHU4NmNiIiwicHJpY2UiOjIyLjAsInN0YXR1cyI6MSwiY3JlYXRlX2F0IjoiMjAxOC0wOS0xMSAwOTozMzozNSIsInVwZGF0ZV9hdCI6IjIwMTgtMDktMTEgMDk6MzM6MzUiLCJudW0iOjF9LCI3Ijp7ImlkIjo3LCJzaG9wX2lkIjoxLCJjYXRlZ29yeV9pZCI6MiwiY292ZXJfcGljIjoiMTUzNjY1ODg2My42NzMyODU1LndlYnAiLCJuYW1lIjoiXHU4MGE1XHU3MjViXHU5OTZkIiwicHJpY2UiOjE5LjAsInN0YXR1cyI6MSwiY3JlYXRlX2F0IjoiMjAxOC0wOS0xMSAwOTo0MTowMyIsInVwZGF0ZV9hdCI6IjIwMTgtMDktMTEgMDk6NDE6MDMiLCJudW0iOjF9fX0=','2018-10-28 07:10:05.113192'),('wn7zz7g1uo7stqrgm6kbm8qnms2ghs28','OTQ4YTA3NGU4ZmExYzdhNzJlY2ZkNzZmOGM4Y2ZjY2Y1NzNmZDEwMTp7InZlcmlmeWNvZGUiOiI0ODUxIn0=','2018-11-17 01:58:47.752206'),('wwg1aa72p44hc46ju5bhypr12bdq68sc','NWIzYjFmNmI0ZjE4ZDI5NDgzMjlmYjI4MDFmNjA3YzkzMzFhYTJkNTp7InZlcmlmeWNvZGUiOiI5OTgzIn0=','2018-11-17 01:57:50.663891');
/*!40000 ALTER TABLE `django_session` ENABLE KEYS */;
UNLOCK TABLES;

--
-- Table structure for table `member`
--

DROP TABLE IF EXISTS `member`;
/*!40101 SET @saved_cs_client     = @@character_set_client */;
/*!40101 SET character_set_client = utf8 */;
CREATE TABLE `member` (
  `id` int(10) unsigned NOT NULL AUTO_INCREMENT COMMENT '会员表id',
  `nickname` varchar(50) DEFAULT NULL COMMENT '昵称',
  `avatar` varchar(255) DEFAULT NULL COMMENT '头像',
  `mobile` varchar(50) DEFAULT NULL COMMENT '电话',
  `status` tinyint(3) unsigned NOT NULL DEFAULT 1 COMMENT '状态:1正常/2禁用/9删除',
  `create_at` datetime DEFAULT NULL COMMENT '添加时间',
  `update_at` datetime DEFAULT NULL COMMENT '修改时间',
  PRIMARY KEY (`id`)
) ENGINE=InnoDB AUTO_INCREMENT=17 DEFAULT CHARSET=utf8;
/*!40101 SET character_set_client = @saved_cs_client */;

--
-- Dumping data for table `member`
--

LOCK TABLES `member` WRITE;
/*!40000 ALTER TABLE `member` DISABLE KEYS */;
INSERT INTO `member` VALUES (1,'lixiaofeng','moren.png','11234567899',9,'2018-08-20 12:34:56','2018-10-12 22:53:19'),(2,'jack','moren.png','12345678965',1,'2018-08-20 12:34:56','2018-08-22 12:34:56'),(3,'wo879','moren.png','13456789522',1,'2018-08-20 12:34:56','2018-08-21 12:34:56'),(4,'mt100','moren.png','13567895563',1,'2018-08-20 12:34:56','2018-08-20 12:34:56'),(5,'顾客','moren.png','12345678901',1,'2018-11-04 02:56:12','2018-11-04 02:56:12'),(6,'顾客','moren.png','12345678902',1,'2018-11-04 02:59:49','2018-11-04 02:59:49'),(7,'顾客','moren.png','12345678903',1,'2018-11-04 03:01:06','2018-11-04 03:01:06'),(8,'顾客','moren.png','12345678904',1,'2018-11-04 03:32:19','2018-11-04 03:32:19'),(9,'顾客','moren.png','12345678905',1,'2018-11-04 03:33:22','2018-11-04 03:33:22'),(10,'顾客','moren.png','12345678906',1,'2018-11-04 03:34:43','2018-11-04 03:34:43'),(11,'顾客','moren.png','12345678909',1,'2018-11-04 05:42:21','2018-11-04 05:42:21'),(12,'顾客','moren.png','18642805564',1,'2018-11-04 06:05:37','2018-11-04 06:05:37'),(13,'顾客','moren.png','13116051729',1,'2018-11-04 06:06:56','2018-11-04 06:06:56'),(14,'顾客','moren.png','13161485799',1,'2018-11-04 06:07:09','2018-11-04 06:07:09'),(15,'顾客','moren.png','11234567888',1,'2018-11-04 06:07:22','2018-11-04 06:07:22'),(16,'顾客','moren.png','19919940344',1,'2018-11-12 08:00:51','2018-11-12 08:00:51');
/*!40000 ALTER TABLE `member` ENABLE KEYS */;
UNLOCK TABLES;

--
-- Table structure for table `order_detail`
--

DROP TABLE IF EXISTS `order_detail`;
/*!40101 SET @saved_cs_client     = @@character_set_client */;
/*!40101 SET character_set_client = utf8 */;
CREATE TABLE `order_detail` (
  `id` int(10) unsigned NOT NULL AUTO_INCREMENT COMMENT '订单详情id',
  `order_id` int(10) unsigned DEFAULT NULL COMMENT '订单id',
  `product_id` int(10) unsigned DEFAULT NULL COMMENT '菜品id',
  `product_name` varchar(50) DEFAULT NULL COMMENT '菜品名称',
  `price` double(6,2) unsigned DEFAULT NULL COMMENT '单价',
  `quantity` int(10) unsigned NOT NULL DEFAULT 1 COMMENT '数量',
  `status` tinyint(3) unsigned NOT NULL DEFAULT 1 COMMENT '状态:1正常/9删除',
  PRIMARY KEY (`id`)
) ENGINE=InnoDB AUTO_INCREMENT=29 DEFAULT CHARSET=utf8 CHECKSUM=1 DELAY_KEY_WRITE=1 ROW_FORMAT=DYNAMIC COMMENT='订单详情信息表';
/*!40101 SET character_set_client = @saved_cs_client */;

--
-- Dumping data for table `order_detail`
--

LOCK TABLES `order_detail` WRITE;
/*!40000 ALTER TABLE `order_detail` DISABLE KEYS */;
INSERT INTO `order_detail` VALUES (1,4,1,'红烧肉+狮子头+饮料',25.00,1,1),(2,4,2,'红烧肉+番茄鸡蛋',22.00,1,1),(3,4,7,'肥牛饭',19.00,1,1),(4,5,1,'红烧肉+狮子头+饮料',25.00,1,1),(5,6,3,'梅菜扣肉+番茄鸡蛋',22.00,1,1),(6,6,12,'单份香辣笋干烧肉',15.00,1,1),(7,6,13,'番茄蛋花汤',4.00,1,1),(8,7,2,'红烧肉+番茄鸡蛋',22.00,1,1),(9,7,6,'木须肉饭',16.00,2,1),(10,7,14,'王老吉',6.00,1,1),(11,7,11,'菜心',6.00,1,1),(12,8,2,'红烧肉+番茄鸡蛋',22.00,1,1),(13,8,5,'梅菜扣肉饭',19.00,1,1),(14,9,1,'红烧肉+狮子头+饮料',25.00,1,1),(15,9,13,'番茄蛋花汤',4.00,1,1),(16,10,1,'红烧肉+狮子头+饮料',25.00,1,1),(17,10,2,'红烧肉+番茄鸡蛋',22.00,1,1),(18,11,1,'红烧肉+狮子头+饮料',25.00,1,1),(19,11,2,'红烧肉+番茄鸡蛋',22.00,2,1),(20,11,12,'单份香辣笋干烧肉',15.00,1,1),(21,11,13,'番茄蛋花汤',4.00,1,1),(22,12,1,'红烧肉+狮子头+饮料',25.00,1,1),(23,12,6,'木须肉饭',16.00,2,1),(24,12,13,'番茄蛋花汤',4.00,1,1),(25,13,1,'红烧肉+狮子头+饮料',25.00,2,1),(26,13,6,'木须肉饭',16.00,1,1),(27,13,9,'单个肉丸子',4.00,2,1),(28,13,14,'王老吉',6.00,1,1);
/*!40000 ALTER TABLE `order_detail` ENABLE KEYS */;
UNLOCK TABLES;

--
-- Table structure for table `orders`
--

DROP TABLE IF EXISTS `orders`;
/*!40101 SET @saved_cs_client     = @@character_set_client */;
/*!40101 SET character_set_client = utf8 */;
CREATE TABLE `orders` (
  `id` int(10) unsigned NOT NULL AUTO_INCREMENT COMMENT '订单表id',
  `shop_id` int(10) unsigned DEFAULT NULL COMMENT '店铺id号',
  `member_id` int(10) unsigned DEFAULT NULL COMMENT '会员id',
  `user_id` int(10) unsigned DEFAULT NULL COMMENT '操作员id',
  `money` double(8,2) DEFAULT NULL COMMENT '金额',
  `status` tinyint(3) unsigned DEFAULT NULL COMMENT '订单状态:1过行中/2无效/3已完成',
  `payment_status` tinyint(3) unsigned DEFAULT NULL COMMENT '支付状态:1未支付/2已支付/3已退款',
  `create_at` datetime DEFAULT NULL COMMENT '添加时间',
  `update_at` datetime DEFAULT NULL COMMENT '修改时间',
  PRIMARY KEY (`id`)
) ENGINE=InnoDB AUTO_INCREMENT=14 DEFAULT CHARSET=utf8;
/*!40101 SET character_set_client = @saved_cs_client */;

--
-- Dumping data for table `orders`
--

LOCK TABLES `orders` WRITE;
/*!40000 ALTER TABLE `orders` DISABLE KEYS */;
INSERT INTO `orders` VALUES (4,1,0,1,66.00,3,2,'2018-10-08 10:52:31','2018-10-08 10:52:31'),(5,1,0,1,25.00,3,2,'2018-10-09 01:55:52','2018-10-09 01:55:52'),(6,1,0,3,41.00,3,2,'2018-10-09 07:50:10','2018-10-09 07:50:10'),(7,1,0,1,66.00,3,2,'2018-10-09 08:37:09','2018-10-09 08:37:09'),(8,1,0,1,41.00,1,2,'2018-10-14 03:29:49','2018-10-14 03:29:49'),(9,1,0,1,29.00,2,2,'2018-10-14 03:34:13','2018-10-14 03:34:13'),(10,1,0,1,47.00,1,2,'2018-10-14 03:34:57','2018-10-14 03:34:57'),(11,1,0,1,88.00,3,2,'2018-10-15 01:26:43','2018-10-15 01:26:43'),(12,1,0,1,61.00,3,2,'2018-12-06 08:50:08','2018-12-06 08:50:08'),(13,1,0,1,80.00,3,2,'2018-12-06 08:51:09','2018-12-06 08:51:09');
/*!40000 ALTER TABLE `orders` ENABLE KEYS */;
UNLOCK TABLES;

--
-- Table structure for table `payment`
--

DROP TABLE IF EXISTS `payment`;
/*!40101 SET @saved_cs_client     = @@character_set_client */;
/*!40101 SET character_set_client = utf8 */;
CREATE TABLE `payment` (
  `id` int(10) unsigned NOT NULL AUTO_INCREMENT COMMENT '支付表id',
  `order_id` int(10) unsigned DEFAULT NULL COMMENT '订单id',
  `member_id` int(10) unsigned DEFAULT NULL COMMENT '会员id',
  `money` double(8,2) unsigned DEFAULT NULL COMMENT '支付金额',
  `type` tinyint(3) unsigned DEFAULT NULL COMMENT '付款方式：1会员付款/2收银收款',
  `bank` tinyint(3) unsigned DEFAULT NULL COMMENT '收款银行渠道:1微信/2余额/3现金/4支付宝',
  `status` tinyint(3) unsigned DEFAULT NULL COMMENT '支付状态:1未支付/2已支付/3已退款',
  `create_at` datetime DEFAULT NULL COMMENT '添加时间',
  `update_at` datetime DEFAULT NULL COMMENT '修改时间',
  PRIMARY KEY (`id`)
) ENGINE=InnoDB AUTO_INCREMENT=12 DEFAULT CHARSET=utf8;
/*!40101 SET character_set_client = @saved_cs_client */;

--
-- Dumping data for table `payment`
--

LOCK TABLES `payment` WRITE;
/*!40000 ALTER TABLE `payment` DISABLE KEYS */;
INSERT INTO `payment` VALUES (2,4,0,66.00,2,3,2,'2018-10-08 10:52:31','2018-10-08 10:52:31'),(3,5,0,25.00,2,3,2,'2018-10-09 01:55:52','2018-10-09 01:55:52'),(4,6,0,41.00,2,3,2,'2018-10-09 07:50:11','2018-10-09 07:50:11'),(5,7,0,66.00,2,3,2,'2018-10-09 08:37:09','2018-10-09 08:37:09'),(6,8,0,41.00,2,3,2,'2018-10-14 03:29:49','2018-10-14 03:29:49'),(7,9,0,29.00,2,1,2,'2018-10-14 03:34:13','2018-10-14 03:34:13'),(8,10,0,47.00,2,3,2,'2018-10-14 03:34:57','2018-10-14 03:34:57'),(9,11,0,88.00,2,3,2,'2018-10-15 01:26:43','2018-10-15 01:26:43'),(10,12,0,61.00,2,3,2,'2018-12-06 08:50:08','2018-12-06 08:50:08'),(11,13,0,80.00,2,3,2,'2018-12-06 08:51:09','2018-12-06 08:51:09');
/*!40000 ALTER TABLE `payment` ENABLE KEYS */;
UNLOCK TABLES;

--
-- Table structure for table `product`
--

DROP TABLE IF EXISTS `product`;
/*!40101 SET @saved_cs_client     = @@character_set_client */;
/*!40101 SET character_set_client = utf8 */;
CREATE TABLE `product` (
  `id` int(11) unsigned NOT NULL AUTO_INCREMENT COMMENT '菜品id',
  `shop_id` int(11) DEFAULT NULL COMMENT '店铺id',
  `category_id` int(11) DEFAULT NULL COMMENT '菜品分类id',
  `cover_pic` varchar(50) DEFAULT NULL COMMENT '菜品图片',
  `name` varchar(50) DEFAULT NULL COMMENT '菜品名称',
  `price` double(6,2) DEFAULT NULL COMMENT '单价',
  `status` tinyint(4) DEFAULT NULL COMMENT '状态：1:正常  2:停售  9:删除',
  `create_at` datetime DEFAULT NULL COMMENT '添加时间',
  `update_at` datetime DEFAULT NULL COMMENT '修改时间',
  PRIMARY KEY (`id`)
) ENGINE=InnoDB AUTO_INCREMENT=19 DEFAULT CHARSET=utf8;
/*!40101 SET character_set_client = @saved_cs_client */;

--
-- Dumping data for table `product`
--

LOCK TABLES `product` WRITE;
/*!40000 ALTER TABLE `product` DISABLE KEYS */;
INSERT INTO `product` VALUES (1,1,1,'1541207849.225892.jpeg','红烧肉+狮子头+饮料',25.00,1,'2018-09-11 09:20:20','2018-11-03 01:17:29'),(2,1,1,'1541207737.022923.jpeg','红烧肉+番茄鸡蛋',22.00,1,'2018-09-11 09:32:32','2018-11-03 01:15:37'),(3,1,1,'1541207715.598488.jpeg','梅菜扣肉+番茄鸡蛋',22.00,1,'2018-09-11 09:33:35','2018-11-03 01:15:15'),(4,1,1,'1541207879.9920158.jpeg','肥牛+番茄鸡蛋',22.00,1,'2018-09-11 09:36:14','2018-11-03 01:17:59'),(5,1,2,'1541207894.949307.jpeg','梅菜扣肉饭',19.00,1,'2018-09-11 09:37:39','2018-11-03 01:18:14'),(6,1,2,'1541207806.666649.jpeg','木须肉饭',16.00,1,'2018-09-11 09:40:24','2018-11-03 01:16:46'),(7,1,2,'1541207942.9999738.jpeg','肥牛饭',19.00,1,'2018-09-11 09:41:03','2018-11-03 01:19:03'),(8,1,2,'1541207444.681337.jpeg','无骨咖喱鸡饭',18.00,1,'2018-09-11 09:42:40','2018-11-03 01:10:44'),(9,1,3,'1541207689.301121.jpeg','单个肉丸子',4.00,1,'2018-09-11 09:44:25','2018-11-03 01:14:49'),(10,1,3,'1541207644.178605.jpeg','卤蛋',2.00,1,'2018-09-11 09:45:14','2018-11-03 01:14:04'),(11,1,3,'1541207601.8833568.jpeg','烤肠',3.00,1,'2018-09-11 09:46:37','2018-11-03 01:13:21'),(12,1,3,'1541207568.5778491.jpeg','单份香辣笋干烧肉',15.00,1,'2018-09-11 09:47:33','2018-11-03 01:12:48'),(13,1,4,'1541207551.296693.jpeg','番茄蛋花汤',4.00,1,'2018-09-11 09:48:31','2018-11-03 01:12:31'),(14,1,4,'1541207536.420352.jpeg','王老吉',6.00,1,'2018-09-11 09:49:24','2018-11-03 01:12:16'),(15,1,4,'1541207516.09392.jpeg','果粒橙',5.00,1,'2018-09-11 09:52:43','2018-11-03 01:11:56'),(16,1,4,'1541207495.035358.jpeg','矿泉水',3.00,1,'2018-09-11 09:53:25','2018-11-03 01:11:35'),(17,1,4,'1541207479.89275.jpeg','乌梅汁',4.00,1,'2018-09-11 09:54:48','2018-11-03 01:11:19'),(18,2,7,'1541312238.392674.jpeg','烤肠',3.00,1,'2018-11-04 06:17:18','2018-11-04 06:17:18');
/*!40000 ALTER TABLE `product` ENABLE KEYS */;
UNLOCK TABLES;

--
-- Table structure for table `shop`
--

DROP TABLE IF EXISTS `shop`;
/*!40101 SET @saved_cs_client     = @@character_set_client */;
/*!40101 SET character_set_client = utf8 */;
CREATE TABLE `shop` (
  `id` int(10) unsigned NOT NULL AUTO_INCREMENT COMMENT '店铺id',
  `name` varchar(255) NOT NULL COMMENT '店铺名称',
  `cover_pic` varchar(255) DEFAULT NULL COMMENT '封面图片',
  `banner_pic` varchar(255) DEFAULT NULL COMMENT '图标Logo',
  `address` varchar(255) DEFAULT NULL COMMENT '店铺地址',
  `phone` varchar(255) DEFAULT NULL COMMENT '联系电话',
  `status` tinyint(4) NOT NULL DEFAULT 1 COMMENT '状态：1:正常 2:暂停 9:删除',
  `create_at` datetime DEFAULT NULL COMMENT '添加时间',
  `update_at` datetime DEFAULT NULL COMMENT '修改时间',
  PRIMARY KEY (`id`)
) ENGINE=InnoDB AUTO_INCREMENT=5 DEFAULT CHARSET=utf8;
/*!40101 SET character_set_client = @saved_cs_client */;

--
-- Dumping data for table `shop`
--

LOCK TABLES `shop` WRITE;
/*!40000 ALTER TABLE `shop` DISABLE KEYS */;
INSERT INTO `shop` VALUES (1,'田老师红烧肉-朝阳将台路店','12341234.jpg','lg.jpg','北京市朝阳区将台乡东八间房村西临8号','12345678905',1,'2018-08-20 10:12:34','2018-09-02 12:34:56'),(2,'田老师红烧肉-海淀区上地店','57892456.jpg','lg.jpg','北京市海定区上地三街嘉华大厦A座10号','13456789209',1,'2018-08-21 12:23:45','2018-09-01 20:42:16'),(3,'田老师红烧肉-西城玉渊潭店','23454567.jpg','lg.jpg','北京市宣武区玉渊潭南路东123号','12345677654',1,'2018-08-26 18:20:32','2018-09-05 09:10:40'),(4,'cccccc','1536310109.6529722.jpg','1536310109.654972.jpg','cccccc','bbbbbb',9,'2018-09-07 08:48:29','2018-10-15 01:28:08');
/*!40000 ALTER TABLE `shop` ENABLE KEYS */;
UNLOCK TABLES;

--
-- Table structure for table `user`
--

DROP TABLE IF EXISTS `user`;
/*!40101 SET @saved_cs_client     = @@character_set_client */;
/*!40101 SET character_set_client = utf8 */;
CREATE TABLE `user` (
  `id` int(10) unsigned NOT NULL AUTO_INCREMENT COMMENT '员工账号id',
  `username` varchar(50) DEFAULT NULL COMMENT '员工账号',
  `nickname` varchar(50) DEFAULT NULL COMMENT '昵称',
  `password_hash` varchar(100) DEFAULT NULL COMMENT '密码',
  `password_salt` varchar(50) DEFAULT NULL COMMENT '密码干扰值',
  `status` tinyint(3) unsigned NOT NULL DEFAULT 1 COMMENT '状态:1正常/2禁用/9删除',
  `create_at` datetime DEFAULT NULL COMMENT '创建时间',
  `update_at` datetime DEFAULT NULL COMMENT '修改时间',
  PRIMARY KEY (`id`)
) ENGINE=InnoDB AUTO_INCREMENT=4 DEFAULT CHARSET=utf8;
/*!40101 SET character_set_client = @saved_cs_client */;

--
-- Dumping data for table `user`
--

LOCK TABLES `user` WRITE;
/*!40000 ALTER TABLE `user` DISABLE KEYS */;
INSERT INTO `user` VALUES (1,'zhangsan','张三','1e191d851b3b49a248f4ea62f6b06410','123456',1,'2018-08-08 18:18:18','2018-09-07 08:06:55'),(2,'lisi','李四','1e191d851b3b49a248f4ea62f6b06410','123456',1,'2018-08-18 08:08:18','2018-09-02 16:21:18'),(3,'xiaoli','小李子','c8a7ca8b274f29cf2c1147a8e0f685a4','639776',1,'2018-09-07 07:53:57','2018-09-07 09:28:01');
/*!40000 ALTER TABLE `user` ENABLE KEYS */;
UNLOCK TABLES;
/*!40103 SET TIME_ZONE=@OLD_TIME_ZONE */;

/*!40101 SET SQL_MODE=@OLD_SQL_MODE */;
/*!40014 SET FOREIGN_KEY_CHECKS=@OLD_FOREIGN_KEY_CHECKS */;
/*!40014 SET UNIQUE_CHECKS=@OLD_UNIQUE_CHECKS */;
/*!40101 SET CHARACTER_SET_CLIENT=@OLD_CHARACTER_SET_CLIENT */;
/*!40101 SET CHARACTER_SET_RESULTS=@OLD_CHARACTER_SET_RESULTS */;
/*!40101 SET COLLATION_CONNECTION=@OLD_COLLATION_CONNECTION */;
/*!40111 SET SQL_NOTES=@OLD_SQL_NOTES */;

-- Dump completed on 2019-03-23  8:11:29
